ID,MATANITU ,YASANA ,TIKINA          ,KORO                                                                    ,NA_I_CAVUTI ,,Needs accuracy check
1,KUBUNA,LOMAIVITI,LEVUKA ,LEVUKAVAKAVITI,NABUKEBUKE VUA NA TUI LEVUKA,,
2,,,,VAGADACI,VAKATURAGA I NA BATILEKALEKA VUA NA TUI VAGADACI,,
3,,,,WAITOVU,NAIRAGAVESI VUA NAGTUI WAI,,
4,,,,VUMA,LEVUKANAILOMA  VUA NA TURAGA NA TUI VUMA,,
5,,,,TOKI,UCUIMUA VUA  NA GONE TURAGA NA ROKOTUI TOKI,,
6,,,,VATUKALO,NABURENI VUA NA TURAGA NA TUI NAKUMINI ,,
7,,,,NAUOUO,VAKATURAGA I QALIBURE VUA NA TUI CAWACI,,
8,,,,AROVUDI,TOMUNA VUA NA TUI TOMUNA,,
9,,,,TAVIYA,VAKATURAGA I LEVUKAIKELA VUA NA ROKOTUI KELA,,
10,,,,RUKURUKU,VAKATURAGA I NACOBULEI VUA NA ROKOMATAIRUA,,
11,,,BATIKI,MUA,VAKATURAGA I NAKOROOLEVU VUA NA TURAGA NA TORA NI BAU,,
12,,,,YAVU,VAKATURAGA I VUNIVESI VUA NA TURAGA NA KOMAI NAVUNIVESI,,
13,,,,MANUKU,VAKATURAGA I MANUKU VUA NA TURAGA NA KOMAI MANUKU,,
14,,,,NAIGANI,VAKATURAGA I NAIGANI VUA NA TURAGA NA KOMAI NAIGANI,,
15,,,CAWA ,NABASOVI,CAWA LAILAI VUA NA TUI NAIGANI,,
16,,,,VATULELE,VAKATURAGA I KOROLEVU VUA NA TUI BUCABUCA,,
17,,,,NABUNA,VAKATURAGA I NADURUVESI VUA NA TUI NABUNA,,
18,,,,TAVUA,VAKATURAGA I CAWALEVU VUA NA RATU NI CAWA,,
19,,,,NAVAGA,VAKATURAGA I NAVUKAILAGI VUA NA TAKALA NAICIBACIBA VUA NA TUI TAGADREGA ,,
20,,,,KADE,VAKATURAGA I KADE VUA NA TURAGA NA TUI KADE,,
21,,,LOVONI ,NACOBO,VAKATURAGA I NASAUMATUA VUA NA TUNIMAKUBU,,
22,,,,NUKUTOCIA,VAKATURAGA I GAVO VUA NA TUI GAVO NA VUNIVALU,,
23,,,,LOVONI,WAILEVU VUA NA TUI WAILEVU,,
24,,,,VISOTO,VAKATURAGA INA VAKAVANUA VUA NA SAUTURAGA,,
25,,,,VUNIIVISAVU,VAKATURAGA I NAVUIVULA VUA NA TUIRARA,,
26,,,,NASAUMATUA,NASAUMATUA VUA NA TURAGA NA TUI NAMAKUBU,,
27,,,NASINU ,NAIKOROKORO,VAKATURAGA I DELAI VUA NA ROKOTUI OVALAU,,
28,,,,NASINU,VAKATURAGA I NAKOROVATU VUA NA ROKOTAKALA,,
29,,,,TOKOU,VAKATURAGA INA VANUA VUA NA ROKOTUI TOKOU,,
30,,,,NATOKALAU,VAKATURAGA I NAROCAKE VUA NA TUI NARO,,
31,,,,DRAIBA,VAKATURAGA VEI TUI DRAIBA NA RABO,,
32,,,NAVUAKAILAGI,QARANI,VAKATURAGA I NAISOGOVONO VUA NA TUI QARANI,,
33,,,,VIONE,VAKATURAGA INA VANUA VUA NA TURAGA NA TAKALA,,
34,,,,NAVUKAILAGI,VAKATURAGA I NUKUBOLO VUA NA TURAGA NA TUI NUKUBOLO,,
35,,,MUDU,TUATUA,TUATUA VUA NA TURAGA NA TUI KORO,,
36,,,,NAQAIDAMU,VAKATURAGA I NAVITILEVU VUA NA TURAGA NA TUI NAVITILEVU,,
37,,,,SINUVACA,NAWERELEVU VUA NA TUI NADAKETE,,
38,,,,NASAU,NASAU VUA NA TURAGA NA TUI NASAU,,
39,,,,NACAMAKI,UCUINUKU VUA NA TUINA,,
40,,,,NAKODU,TUI NAKO VUA NA GONE TURAGA NA TUI NAKO,,
41,,,,MUDU,MUDU VUA NA TURAGA NA MATANIMUDU,,
42,,,,NAMACU,VAKATURAGA I NAULUNIVUAKA VUA NA TURAGA NA TUNIDAUNIBAU,,
43,,,NARAI ,NATAULOA,VAKATURAGA I NATAULOA VUA NA TUI NATAULOA,,
44,,,,TOVULAILAI,VAKATURAGA INA YAVUSA O KUBUNA VUA NA ROKOTUIBAU,,
45,,,,LAWAKI    ,YAVUSA QALISAU VUA NA TURAGA NA KOMAI LAWAKI/YAVUSA QALISAU VUA NA GONETURAGA NA TUI NACAVUWAGA,,
46,,,,VUTUNA,VAKATURAGA IWAVIROCA VUA NA TURAGA NA TUI WAIIROCA,,
47,,,,WAITOGA,VAKATURAGA INA VANUA VUA NA MATAPULE,,
48,,,BURETA ,NAIVITEITEI,VAKATURAGA INA VANUA VUA NA RATU,,
49,,,,NASAGA,VAKATURAGA INA VANUA VUA NA RAITENA,,
50,,,,NAVULOA (LOBAU),VAKATURAGA I LOBAU VUA NA GONE TURAGA NA TUNIMAKUBU;,,
51,,,,NAVULOA (WAIDAU),"VAKATURAGA INA VANUA, WAIDAU VUA NA TURAGA NA TUI WAIDAU",,
52,,,MOTURIKI ,NANIUBASAGA,"VAKATURAGA INA VANUA NACOTUBE, VUA NA RATU",,
53,,,,NASESARA,VAKATURAGA INA VANUA VUA NA RATU/VAKATURAGA VUA NA MALO KASIKASI,,
54,,,,NAVUTI,VAKATURAGA INA VANUA VUA NA ROKOULI,,
55,,,,NASAUVUKI,VAKATURAGA INA VANUA VUA NA NAITAKA,,
56,,,,NAICABECABE,VAKATURAGA INA VANUA VUA NA RAMASI,,
57,,,,YANUCA,VAKATURAGA INA VANUA VUA NA ROKOULI,,
58,,,,DAKU,VAKATURAGA INA VANUA VUA NA TURAGA NA ROKOTAKALA,,
59,,,,ULUIBAU,VAKATURAGA INA VANUA VUA NA TORA,,
60,,,,WAWA,VAKATURAGA VUA NA MALO NA GONE TURAGA NA TUITAKI,,
61,,,,SAVUNA,VAKATURAGA INA VANUA VUA NA TUI SAVUNA,,
62,,,SAWAIEKE ,SAWAIEKE,VAKATURAGA I NADAWA VUA NA TURAGA BALE NA TAKALAIGAU,,
63,,,,SOMOSOMO,VAKATURAGA I NABOCA VUA NA TUI SOMOSOMO,,
64,,,,NAWAIKAMA,VUNIUTOLOA VUA NA TURAGA NA MATANAVURE,,
65,,,,NUKULOA,NASEVAUA VUA NA TURAGA NA TUI NUKU,,
66,,,,LEVUKAIGAU,NAVESITAYACA VUA NA TURAGA NA TUI LEVUKA,,
67,,,,LOVU,VAKATURAGA INA VANUA VUA NA TURAGA NA RATU,,
68,,,,VADRAVADRA,VAKATURAGA INA VANUA VUA NA TURAGA TAKALA,,
69,,,,YADUA,VAKATURAGA INA VANUA VUA NA TURAGA NA TUI YADUA,,
70,,,,NAKOBUNA,NAIVITIROWAQA VUA NA TURAGA NA TUI NAKOBUNA,,
71,,,VANUASO,VANUASO,VAKATURAGA INA VANUA VUA NA TURAGA NA TUI VANUASO,,
72,,,,LEKANAI,VAKATURAGA INA VANUA VUA NA GONETURAGA NA RAMASI,,
73,,,,NACAVANADI,VAKATURAGA INA VANUA NAKOROTIKI VUA NA RAMALO,,
74,,,,MALAWAI,NAULUVATU VUA NA GONE TURAGA NA TUI MALAWAI,,
75,,,,LAMITI,NAOCOBOLU VUA SAKA NA GONETURAGA NA TUI LAMITI,,
76,,NAITASIRI,NAITASIRI,NAVUSO,VAKATURAGA I NAIVISERE VUA NA QARANIVALU,,
77,,,,TAMAVUA,NAVUREVURE VUA NAROKO TUI COLO,,
78,,,,KALABU,I MATANIKUKU NA ROKOTUICOLO,,
79,,,,VUNINIUDROVU,VAKATURAGA I NAITASIRI VUA NA ROKOVUNIVESI VIUNINIUMATARAU VUA NA VUNIVALU,,
80,,,,KASAVU,VAKATURAGA I BURENITU VUA NA VUNIVAVALU/ VAKATURAGA VUA NA VUNIVALU NA TUI VUGALEI,,
81,,,,NACOKAIKA,VAKATURAGA I NAYAVUMATA VUA NA KENA ITAUKEI,,
82,,,,NAGANIVATU,VAKATURAGA I NABOULEVUIRARA VUA NA ROROKOMATATA,,
83,,,,NAKINI,NAWAIBUTA VUA NA TURAGA NA TORANASAU,,
84,,,,NATOAIKA,VAKATURAGA I VUNISALEVU NA TUI VUGALEIENA LOMA NI YAVUSA NAKORO,,
85,,,,DELADAMANU,VAKATURAGA I VIWA VUA NA KENA ITAUKEI,,
86,,,,WAITOLU,"VAKATURAGA I NAGOLE, NADUGUCA KILA O DANAYABAKI",,
87,,,NABAITAVO,NABAITAVO,VAKATURAGA I RATU NI BURENITU VUA NA TURAGA NA VUNIVALU,,
88,,,,NATAVEA,VAKATURAGA I NATAVEA VUA NA VUNIVALU,,
89,,,,NAVOLAU,VAKATURAGA I DELAI VUA NA VUNIVALU,,
90,,,MATAILOBAU ,NAIRUKURUKU,VAKATURAGA I NABENA DELAI NAVAULELE,,
91,,,,NAVUNIYASI,VAKATURAGA I NASAUTOKA VUA NA TURAGA SAU,,
92,,,,TAULEVU,"VAKATURAGA I SIKO NATABUTALE, VEI IRA NA VUNIVALU",,
93,,,,DELAITOGA,VAKATURAGA SAKA I MATAILOBAU DELAI NAKOVUTE,,
94,,,,NABENA,VAKATURAGA I NABENA NASAUTU NO VUNIVOLA,,
95,,,,MATAILOBAU,VAKATURAGA I MATAILOBAU VUA NA GONE TURAGA NA VUNIVALU,,
96,,,NAGONENICOLO,NAKOROSULE,"VAKATURAGA I WAIMARO, DELAI NAULUCAVU VEI IRA NA VUNIVALU",,
97,,,,WAIBALAVU,VAKATURAGA I NAKORVATU VUA NA VUNIVALU,,
98,,,,WAISOMO,VAKA TURAGA I WAILVU DELAI NA VEIBALABALA VUA NATURAGA NA VUIVALU,,
99,,,,WAIRUARUA,VAKATURAGA I NAVIRITU VUA NA TURAGA NA VUNIVALU,,
100,,,,NASALIA,NAKAIDRAU KENA ITIKOTIKO VAKATURAGA I NABILA,,
101,,,,LASELEVU,NAMOTO ENA KENA ITIKOTIKO VAKATURAGA E NAWAIRUA ; NAKAIDARU ENA KENA TIKOTIKO VAKATURAGA I NAKASAMAI,,
102,,,,UDU,VAKATURAGA I NASALIA EMNA LOMA NI BURE O NAVORA,,
103,,,,DREKETI,VALATURAGA AKA I WAILEVU ENA KENA ITIKOTIKO VAKATURAGA  E NAIVIBALABALA  KENA MATAQALI O DREKETI,,
104,,,,NAKIDA,"VAKATURAGA INA VANUA I DELAI NAVUCU, NAKOROVATU NA VUNIVALU",,
105,,,NADARAVAKAWALU ,NAIVUCINI,VAKATURAGA SAKA I DELAINAVATUSILA VUA NA VUNIVALU,,
106,,,,SAUMAKIA,"VAKATURAGA I NAVITILEVU, MATAIQEREQERE",,
107,,,,NAITAUVOLI,VAKATURAGA SAKA I NADARAVAKAWALU NA VUNIVALU,,
108,,,,NUKU,NAVATUSILA VUA NA TUI NAVATUSILA,,
109,,,VUNA,SAWANI,VALKATURAGA I NADURUVATU VUA NA GONETURAGA NA VUNIVALU,,
110,,,,NAVATUVULA,VAKATURAGA IVUNA VUA NA VUNIVALU,,
111,,,,COLO-I-SUVA,VAKATURAGA I DUANUKU VUA NA TURAGA NA TUI COLO NA VUNIVALU,,
112,,,VIIRIA ,VIRIA,"VAKATURAGA I LOMAIVUNA, KOROLEVU VUA NA VUNIVALU",,
113,,,,NAQALI,"VAKATURAGA I LOMAIVUNA, KOROLEVU VUA NA VUNIVALU",,
114,,,,NAMUAMUA,"VAKATURAGA I LOMAIVUNA, KOROLEVU VUA NA VUNIVALU",,
115,,,,GUSUISAVU,"VAKATURAGA I OVALAU ENA KENA ITIKOTIKO VAKATURAGA, LOMAIVUNA KAOROLEVU NA VUNIVALU",,
116,,,,NAVOLAU,VAKATURAGA I DELAI VUA NA TURAGA NA VUNIVALU,,
117,,,,NAWAQABENA,VAKATURAGA I NATOA VUA NA QASE,,
118,,,,WAITOLU,VAKATURAGA I NAGOLE/NADUGUCA KILA DANAYABAKI,,
119,,,SOLOIRA ,WAIKALOU,VAKATURAGA I WAIMAROLEVULEVU VEI IRA NA TURAGA NA VUNIVALU,,
120,,,,NAVATUKIA,"VAKATURAGA I SOLOIRA, VEI IRA NA MATAITOGA",,
121,,,,VUNIDAWA,WAIMAROLEVULEVU VUA NA VUNIVALU,,
122,,,WAIMA,NAKOROVATU,VAKATURAGA I DELAI DAWASAMU E DELAI NAGOLE KEI NA KENA ITIKOTIKO VAKATURAGA,,
123,,,,NAQARA,VAKATURAGA I SIKO NAVUNIDAKUA VEI IRA NA KENA ITAUKEI,,
124,,,,VUISIGA,VAKATURAGA IBURELEVU NA KENA ITIKOTIKO VAKATURAGA,,
125,,,LUTU,LUTU,VAKATURAGA I LUTU VUA NA TUI LUTU; BURELEVU I NAVUNIKAVOIKA I NAVITILEVU,,
126,,,,NAVUNIYARO ,VAKATURAGA I LUTU VUA NA TUI LUTU,,
127,,,,NUKULOA,VAKATURAGA I LUTU VUA NA TUI LUTU,,
128,,,MUAIRA ,MATAINASAU,VAKATURAGA I DELAI VUNITIVI VUA NA GORNTURAGA NA VUNIVALU,,
129,,,,WAIBASAGA,"VAKATURAGA I KOROLEVU, TABARIKI VUA NA TURAGA NA TURAGALEVU/ VUNITIVI VUA NA TURAGA NA VUNIVALU",,
130,,,,BOTENAULU,VKATURAGA SAKA I VUNITIVI VUA NA GONE TURAGA NA VUNIVALU,,
131,,,,NABUKUNIVATU,VAKATURAGA I NABORO VUA NA TURAGA NA VUNIVALU,,
132,,,,BULIBULINAKURO,,,
133,,,,LUTU,VAKATURAGA SAKA I NAVUNITUVI VUA NA GONE TURAGA NA VUNIVALU,,
134,,,,NADOVU,VAKATURAGA I VANUACA VUA SAKA NA GONE TURAGA NA TUI VANUACA,,
135,,,,SAWANIKULA,VAKATURAGA I NABORO VUA NA TURAGA NA VUNIVALU,,
136,,,NAVUAKECE,NATERUMAI,VAKATURAGA I NA LIULIU NI YAVUSA NATERUMAI,,
137,,,,NAVUTU,VAKATURAGA I NAVUAKECE VUA NA VUNIVALU,,
138,,,,KOROVOU,OVALAU VUA NA VUNIVALU,,
139,,,,VATULILI,"VAKATURAGA I TABUDRAVU, NAWI, NADEVOTU, NUKUIRA, NADAWA VUA NA ITAUKEI NI KORO",,
140,,,,DELAIWAIMALE,VAKATURAGA I NAVUAKECE VUA NA VUNIVALU,,
141,,,,WAISA,"VAKATURAGA INA VANUA VAKATURAGA LOMA NI YAVUSA VAKATURAGA ERUA, KIKIA KEI NAKATUBAIWALUI DRAU TIKO SAKA KINA NA VEITACINI NA VEILUVENI",,
142,,,,VATUKOROSIA,VAKATURAGA I NAVUAKECE VUA NA VUNIVALU,,
143,,,,WAISASAVU,NACAQARU NA VANUA RATOU TIKO KINA NA VEITACINI,,
144,,,RARA,NALUWAI,"NAQARANIKULA, RARA VUA NA GONETURAGA NA VUNIVALU",,
145,,,,WAIDRACIA,"RARA, VUNIMOLI VUA NA VUNIVALU",,
146,,,,NASAVU,VANUAVATU VUA NA VUNIVALU,,
147,,,NAWAIDINA ,NABUKALUKA,VAKATURAGA I WAIMAROLEVULEVU VUA NA MARAMA NA ROKOTUI WAIMARO,,
148,,,,NADAKUNI,WAIMARO VUA NA VUNIVALU,,
149,,,,LOMAI,WAIMAROLEVULEVU VUA N AVUNIVALU,,
150,,,,VANUAKULA,OVALAU VUA SAKA NA VUNIVALU,,
151,,,,NAULUVATU,VAKATURAGA I NAVUNIDRALA VUA NA KENA ITIKOTIKO VAKATURAGA,,
152,,,,NAVUREVURE,VAKATURAGA VUA NA ITAUKEI NADANUYA,,
153,,,,WAINAWAQA,VAKATURAGA I NAVITILEVU VUA NA TURAGA NA ROKOTUI NAVITILEVU,,
154,,,,NASIROTU,WAIMAROLEVULEVU VEI IRA NA VUNIVALU  NA KOMAI NADANUYA,,
155,,,,NASELE,VAKATURAGA I NADAKUNIBURE VUA NA KENA ITAUKEI,,
156,,,,NASEUVOU,VAKATURAGA I NATAVUNI VUA NA KENA ITAUKEI,,
157,,,,DELAILASAKAU,VAKATURAGA I NATAVUNI VUA NA KENA ITAUKEI,,
158,,,NOEMALU,NAROKOROKOYAWA,TURAGA NA RAILEVU NA SENIBUA NA TOKALAU,,
159,,,,NAKOROVOU,VAKATURAGA I NAKURUKURUVAKATINI VEI IRA NA TUI NAKURUKURUVAKATINI,,
160,,,,MATAWAILEVU,"VAKATURAGA I NAKOROWAIWAINAMOROVUSUIVALU, NALEYA-NA VUNIVALU EMALU NA RAILEVU NAKURUVAKATINI NA TUI NAKURUVAKATINI",,
161,,,,NASAVA,VAKATURAGA I NALEYA VEI IRA NA VUNIVALU,,
162,,,,NASAUVERE,VAKATURAGA I NAKURUKURUVAKATINI VEI IRA NA TUI NAKURUKURUVAKATINI,,
163,,,,TUBARU,VAKATURAGA I TABAIVUNAQUMU VEI KENA ITAUKEI,,
164,,,NABOUBUCO,NAQELEWAI,VAKATURAGA I BURECA DELANA E RAIWAQA VUA  NA TUI NABOUBUCO; NABOUBUCO VUA NA TUI NABOUBUCO,,
165,,,,REWASAU ,VAKATURAGA I NABOUBUCO VUA NA TURAGA NA TUI NABOUBUCO,,
166,,,,NASIRITI,VAKATURAGA I MATASO VUA NA ITAUKEI NASIRITI,,
167,,,,NASOQO,VAKATURAGA I NASOQO VUA NA VUNIVALU,,
168,,,,ROMA,VAKATURAGA I BURELEVU VUA NA VUNIVALU,,
169,,,,NAVAI,VAKATURAGA I NASOQO VUA NA KENA ITAUKEI,,
170,,RA,NAROKO,VATUKACEVACEVA,VAKATURAGA I NACOLO VUA NA TUI NACOLO,,
171,,,,REWASA,VAKATURAGA I NAROKO VUA NA LEWEIVATUDAMU,,
172,,,,NOKONOKO,VAKATURAGA I LEINAWAQAVESI VUA NA VUNIVALU,,
173,,,,VAIDOKO,VAKATURAGA I YAVULEVU VUA NA ITAUKEI NAWAQAVESI,,
174,,,,DRANA,VAKATURAGA I NA VANUA VUA NA ITAUKEI NASOWALU,,
175,,,,DANIVAU,VAKATURAGA I NAWAQAVESI VUA NA ITAUKEI NACOKULA,,
176,,,,NABOUTOLU,VAKATURAGA I NAULUWAI VUA NA NAWAQAVESI,,
177,,,,NARARA,VAKATURAGA I VANUA I VALELEVU I NAVEISAMA,,
178,,,NAILUVA,NARARAVOU,VAKATURAGA I LAITOA IN NA KENA ITIKOTIKO VAKATURAGA,,
179,,,,NABALESERE,VAKATURAGA I SAVULELELE  VUA NA KENA ITAUKEI,,
180,,,,NAILUVA,VAKATURAGA I KOROSAVAULEVU ENA KENA ITIKOTIKO VAKATURAGA,,
181,,,,NAMASIA,ITIKOTIKO,,
182,,,,NAQELECIBI,VAKATURAGA I WACAKENA VUA NA KENA ITAUKEI,,
183,,,,NASAVU,VAKATURAGA I NALIWANI ENA KENA ITIKOTIKO VAKATURAGA,,
184,,,NALABA,NATIVI,VAKATURAGA I SALILI VUA NA TUI SALILI,,
185,,,,NAMARA,VAKATURAGA I TOKINEKE VUA NA TUI TOKINEKE,,
186,,,,BURELEVU,VAKATURAGA TOKINEKE NA TURAGA NA LEWETOKINEKE,,
187,,,NAVOLAU,NAVOLAU I,VAKATURAGA I NATOKEA VUA NA TUI NAVITILEVU,,
188,,,,NAVOLAU II,VAKATURAGA I NATOKEA VUA NA TUI NAVITILEVU,,
189,,,,NAMUAIMADA,VAKATURAGA I NATOKEA VUA NA TUI NAVITILEVU,,
190,,,,NAKOROKULA,VAKATURAGA I NAMATUTU VUA NA TUI NAVITILEVU,,
191,,,NASAU,NASAU,VAKATURAGA I NASAU VUA NA TURAGA NA TUI NASAU,,
192,,,,OVALAU,VAKATURAGA I NASAU VUA NA TURAGA NA TUI NASAU,,
193,,,,VANUAKULA,VAKATURAGA I WAI VUA NA TUI WAI,,
194,,,,NASUKAMAI,VAKATURAGA NAIOVA VUA TUARAGA NA TUI,,
195,,,,NUKULAU,VAKATURAGA I NAKIDRO VUA NA VUNIVALU,,
196,,,,NAURIA,VAKATURAGA I NABULAWA VUA NA TUI,,
197,,,,NABUMAKITA,VAKATURAGA I TOGOVERE VUA NA VUNIVALU,,
198,,,MATASAO,NAKOROVOU,VAKATURAGA I LEWEINAMATAGI VUA NA VUNIVALU,,
199,,,,NARIKOSO,VAKATURAGA I LEINAVUTU VUA NA KENA ITAUKEI,,
200,,,NAIYALAYALA,NADRAUNIIVI,VAKATURAGA I RAVIRAVI VUA NA TURAGA TUNAVATU,,
201,,,,NANANU,VAKATURAGA I NA VANUA VUA NA TURAGA NA TUI VATU,,
202,,,,RABULU,VAKATURAGA I NA VANUA VUA NA TURAGA NA TUI VATU,,
203,,,,NASEYANI,VAKATURAGA I NA VANUA VUA NA TURAGA NA TUI VATU,,
204,,,,NARAUYABA,VAKATURAGA I NA VANUA VUA NA TURAGA NA TUI VATU,,
205,,,TOKAMAILO,NALALAWA,VAKATURAGA I VALELEVU I NABUKELEVU VUA NA VUNIVALU,,
206,,,,MATAVEIKAI,VAKATURAGA  I BURENITU I VALELEVU VUA NA LEWEI KAKA,,
207,,,,NABALABALA,VAKATURAGA I KOROKA VUA NA TUI NAVATUVOKA,,
208,,,,VUNISEA,VAKATURAGA I NAVITINI ENA KENA ITIKOTIKO VAKATURAGA,,
209,,,,NAVUNIYAUMUNU,VAKATURAGA I NALIWANI VUA NA TUI NALIWANI,,
210,,,,NAYAULEVU,VAKATURAGA I  NAVUNIVAU  VUA NA VUNIVALU,,
211,,,,NARAVIRAVI,VAKATURAGA I VALELEVU VUA NA NAKOROMATUA,,
212,,,,NAVAVAI,VAKATURAGA I NAWAIVISO VUA NA KENA ITAUKEI,,
213,,,,VATUSEKIYASAWA,VAKATURAGA I WAILEVU VUA NA TUI WAILEVU,,
214,,,RAKIRAKI,NAVUAVUA,VAKATURAGA I NAVUAVUA VUA NA TUI NAVITILEVU,,
215,,,,NAVATULEVU,TURAGA NA TUI NAVITILEVU,,
216,,,,VITAWA,VAKATURAGA I NASOGOLIKU VUA NA TUI NAVATU,,
217,,,,MALAKE,"VAKATURAGA INA VANUA O TOVA, NA QASE NI VALE VUA NA RATU I DAWASAMU",,
218,,,,NAOCOBAU,VAKATUARAGA I DALITAULEVU VUA NA GONESAU,,
219,,,NAKOROTUBU,NAMARAI,VAKATURAGA I SAUWAI VUA NA GONESAU,,
220,,,,VEREVERE,VAKATURAGA NAVATU VUA NA TUI NAVATU,,
221,,,,NADAVACIA,VAKATURAGA I KOROMOTO ENA KENA ITIKOTIKO VAKATURAGA,,
222,,,,SAIOKO,VAKATURAGA I WAILADA VUA NA GONESAU,,
223,,,,TOKI,VAKATURAGA I NAKOROTUBU VUA NA GONESAU,,
224,,,NAKUALIVA,DRAUNALEKA,VAKATURAGA I YAVUSA DRANU VUA NA KENA I TAUKEI,,
225,,,,BUCALEVU,VAKATURAGA I NAMATAGAI VUA NA VUNIVALU,,
226,,,,TOBU,VAKATURAGA I NAKOROTUBU VUA NA GONESAU,,
227,,,,SAVULOTU,VAKATURAGA I DELAIDABAU INA YAVUSA WAILADA ,,
228,,,,DAMA,VAKATURAGA I NAKOROTUBU VUA NA GONESAU,,
229,,,,NAVITILEVU,VAKATURAGA NAVITILEVU VUA NA TURAGA NA TUI NAVITILEVU,,
230,,,NAVITILEVU,NAYAVUIRA,VAKATURAGA I NAKOROTUBU VUA NA GONESAU,,
231,,,,NASAU,VAKATURAGA I NAKOROTUBU VUA NA GONESAU,,
232,,,,VEIDRALA,VAKATURAGA VUA NA ITAUKEI GILOGILO,,
233,,,,MATAWAILEVU,VAKATURAGA I NACOBICIBICI VUA NA TURAGA NA TUI NALAWA,,
234,,,NALAWA,NAUSORI,VAKATURAGA I NACOBICIBICI VUA NA TURAGA NA TUI NALAWA,,
235,,,,BURENITU,VAKATURAGA I BURE VUA NA RATU NI BURE,,
236,,,,BURELEVU,VAKATURAGA I NA VANUA VUA TURAGA LAGI/  TURAGA NA TUI NALIWANI,,
237,,,NALABA,NAMARA,VAKATURAGA I TOKINEKE VUA NA KENA ILIULIU,,
238,,,,NATIVI,VAKATURAGA I EKUBUVUA NA KENA ITAUKEI KOROLEVU/ VAKATURAGA YAVUSA SALILI,,
239,,,,NANUKULOA,"VAKATUARAGA I BURELEVU, TURAGA NA RATU NI NATAUIYA",,
240,,,SAIVOU,BUROTU,VAKATURAGA I EKUBU VUA NA MARAMA NA TUI KOROLEVU,,
241,,,,NASERELAGI,VAKATURAGA I NA VANUA VUA RATU NI NATAUIA,,
242,,,,TOKIYO,"VAKATUARAGA BURELEVU , TURAGA NA RATU NI NATAUIA",,
243,,,,ROKOROKO,"BURELEVU , MARAMA RATU NI NATRAUIA",,
244,,,,VUNITOGOLOA,TU NAVATU KA RA VAKAROROGO VUA NA TUI NAVITILEVU,,
245,,,RAVIRAVI,NAIVUVUNI,VAKATURAGA I NAVATU VUA NA TUI NAVATU,,
246,,,,NAREWA,VAKATURAGA I NAMOTUTU VUA NA TUI MALAKE,,
247,,,,TOGOVERE,VAKATURAGA I NAULUNIKORO VUA NA KENA ITAUKEI,,
248,,,,VITAWA,VAKATURAGA I NAISOGOLIKU VUA NA TURAGA NA TUI NAVATU,,
249,,,,NADOGOLOA,BURENITU NA TURAGA NA TUI DAMA,,
250,,,BUREIWAI,MATAINANANU,VAKATURAGA I NA VANUA VUA NA TURAGA NA TUI DAMA,,
251,,,,DEALAIYADUA,?AKATURAGA I NA VANUA VUA NA TURAGA NA TUI DAMA,,
252,,,,NAIVOCO,"VAKATURGA INA LOMA NI YAVUSA ERUA, YAVUSA NASEKASEKA KEI NA YAVUSA NASAU",,
253,,,,NABUKADRA,TURAGA NA GONESAU,,
254,,,KAVULA,NAYAVUTOKA ,VAKATURAGA I NA VANUA VUA NA ITAUKEI NAQELEDAMU,,
255,,,,SELEMI,VAKATURAGA I NA VANUA VUA NA ITAUKEI NAQELEDAMU,,
256,,,,BALEKINAGA,VAKATURAGA I BURE NA VUNIVALU NA LEI NAMOLIBALE,,
257,,,BUREIVANUA,SOA,VAKATURAGA I BURE NA VUNIVALU NA LEI NAMOLIBALE,,
258,,,,NALIDI,VAKATURAGA I NA VANUA VUA NA ITAUKEI SALADINA,,
259,,,,MATUKU,VAKATURAGA I NA VANUA VUA NA YAVUSA NAKUAILAVA NA KENA ITAUKEI,,
260,,,,NAKOROVOU,VAKATURAGA I NA VANUA VUA NA TURAGA NA TUI NAVITILEVU,,
261,,,LAWAKI,NAWAIRUKU,VAKATURAGA I NACOBINIBINI VUA NA TUI NALAWA NA VUNIVALU,,
262,,,,NAMARA,VAKATURAGA I NACOBINIBINI VUA NA TUI NALAWA NA VUNIVALU,,
263,,,,SAWANIVO,VAKATURAGA I NACOBINIBINI VUA NA TUI NALAWA NA VUNIVALU,,
264,,,,NAVITILEVU,VAKATURAGA I NABABA NA TURAGA NA RATU,,
265,,,NABABA,NALAWA,VAKATURAGA I NABABA VUA NA TURAGA NA TUI NALAWA,,
266,,,,ROKOVUAKA,VAKATURAGA I NABABA VUA NA TURAGA NA TUI NALAWA,,
267,,TAILEVU,BAU ,BAU ,KUBUNA VUA VUNIVALU NA TUI KABA ,,
268,,,,LASAKAU ,NABOU VUA NA BAI KEI BAU ,,
269,,,,SOSO ,RARA O SOSO VUA NA TUNIDAU NI BAU ,,
270,,,,NAKOROIVAU ,VALATURAGA I MATANICIKA,,
271,,,,NAMUKA ,BETE NA MATASAU ,,
272,,,,NATILA ,BATIKO NA MALO ,,
273,,,,VATOA ,DAVETALEVU VUA NA MALO ,,
274,,,,WAICOKA ,NAKOROLEVU VUA NA MALO ,,
275,,,,OVEA ,MATANIBULU VUA NA TUI NABUA ,,
276,,,,CAUTATA ,KORONIKALOU VUA NA ROKOTUI CAUTATA ,,
277,,,,VATANI ,I NAITODUA VUA NA TURAGA NA MALO ,,
278,,,,DROMUNA ,I NAITODUA VUA NA TURAGA NA MALO ,,
279,,,,VIWA ,NAYAUMUNU VUA NA ROKO TUI VIWA ,,
280,,,,KIUVA,NATENA VUA NA ROKO TUI KIUVA ,,
281,,,,MUANAIRA ,NATENA VUA NA ROKO TUI KIUVA ,,
282,,,,NAQELEDAMU ,NAIVAKACAU VUA NA VUNIVALU,,
283,,,,LOGANI ,NAIBOSA VUA NA VUNIVALU ,,
284,,,VUGALEI ,TOBUNIQIO ,VUNISALEVU NA TUI VUGALEI ,,
285,,,,NADARO ,VUNIVALU VUA NA VUSARATORA ,,
286,,,,VISA ,VUNISALEVU NA TUI VUGALEI NA VUNIVALU,,
287,,,,SAVU ,VUNISALEVU NA TUI VUGALEI ,,
288,,,,NAIMASIMASI ,TADAU VUA NA VUNIVALU ,,
289,,,,NAMULOMULO ,VUNISALEVU NA TUI VUGALEI ,,
290,,,,SOTE,VUNISALEVU NA VUNISAQIWA ,,
291,,,NAMALATA ,MATACAUCAU ,NAMALATA VUA NA RATU I WAIMAROLEVULEVU,,
292,,,,MATACULA ,TEANUCA VUA NA KOMAI TEANUCA VUNISALEVU NA DREGA NI VALU,,
293,,,,NAYAWASARA/NAISARASARA,WAIDINA  VUA NA TUI WAI NA VUNIVALU ,,
294,,,,NAILEGA ,NAWAIBUTA VUA NA TURAGA NA VUNIVALU ,,
295,,,,NAVUNISOLE ,"NAVUNISALEVU, NAWAIBUTA ",,
296,,,,NAITUTU ,VAKATURAGA NA VANUA NAKUKUCOKO VUA NA TURAGA  NA VUNIVALU I NAKUKUCOKO ,,
297,,,,DAVETALEVU ,VAKAVANUA O NAKUKUCOKO VUA NA TURAGA NA KOMAI DAVETALEVU ,,
298,,,,NAKALAWACA ,VUNIVALU I NASAU NA DREGA NI VALU/ VUNIVALU I SALATU DUATUA,,
299,,,,DELAISUI ,VUNIVALU NA ROKO TUI BAU,,
300,,,,NAKOROVOU ,TURAGA NA ROKO TUI BAU ,,
301,,,,NADRANU ,VAKATURAGA INA VANUA ENA YAVUSA NAICULA ,,
302,,,,VEINUQA ,TURAGA NA VUNIVALU I DAVIKO / VUNIVALU NA TUINAVITILEVU ,,
303,,,SAWAKASA ,SAWAKASA 1,NADEREIVALU VUA NA TURAGA NA RATU ,,
304,,,,SAWAKASA 2,NADEREIVALU VUA NA TURAGA NA RATU ,,
305,,,,BURERUA ,NA DREGA NI VALU VUA NA TURAGA NA VUNIVALU I NASAU,,
306,,,,DAKUINUKU ,NABOUTINI VUA NA TURAGA NA TUI NAVITILEVU ,,
307,,,,LODONI ,NAOVINI VUA NA VUNIVALU,,
308,,,,VOROVORO ,NABUTO VUA NA VUNIVALU ,,
309,,,DRAVO ,DRAVO ,NAVITOMI VUA NA TURAGA NA TUDRAU ,,
310,,,,MAUMI ,NAWAKURA  NA TUI MAUMI ,,
311,,,,NAILA ,"MARAKI, TUI CAKOVA; NAVIKOLI, TUI NABAI; MATANIYAVU , NA TUI ,MATAI",,
312,,,,NASOGOVAU ,NAGARORUA VUA NA MALOTU,,
313,,,,MOKANI ,DELAI VUA NA TUI MAUMI,,
314,,,NAMATA ,NAMATA ,NACOBUA VUA NA TURAGA NA ROKO TUI NAMATA ,,
315,,,,RARALEVU ,GONE TURAGA NA ROKO TUI NAMATA ,,
316,,,NAMARA ,NAISAUSAU ,TURAGA NA ROKO TUI VEIKAU ,,
317,,,,NAKOROLEVU ,TOGA VUA NA ROKO TUI VEIKAU ,,
318,,,,NAKALAWACA ,ROKO TUI NAMUANA,,
319,,,,MATANIVERE ,ROKO TUI LOMA ,,
320,,,,TUBALEVU ,TURAGA NA TUI LEVUKANA ,,
321,,,,NAIKAWAGA ,ROKO TUI NAKAWAGA ,,
322,,,TAI ,NAISAUMUA ,NA VANUA O TAI VUA NA TURAGA NA ROKO TUI TAI ,,
323,,,,NAIBOREBORE ,NATAKALI VUA NA TURAGA NA TUI VUGALEI,,
324,,,,DRAVUNI ,VAKATURAGA I NAITUTU VUA NA ROKO TUI TAI NA VUNIVALU ,,
325,,,NAKELO ,NAULUVATU ,RARA O NAKELO VUA NA TURAGA  NA TUI NAKELO ,,
326,,,,TUMAVIA ,DELAILAGI VUA NA TUI LEVUKAITAI/VUA NA TUI TUMAVIA,,
327,,,,NAKAULEVU,NAKAULEVU VUA NA TUI NAKAULEVU ,,
328,,,,VUTUVO,MUANIVATU VUA NA TUI VUTUVO ,,
329,,,,NAULUNA ,NAULUNA NA TUI NAULUNA ,,
330,,,,WAIKETE ,WAIKETE VUA NA TURAGA NA MATAINIVANUA ,,
331,,,,NAMUKA ,VAKATURAGA I VAKALI VUA NA ROKO TUI VAKALI,,
332,,,,VADRAI ,VAKATURAGA I VAKALI VUA NA ROKO TUI VAKALI,,
333,,,,VATURUA ,NAILAGOWAI VUA NA MARAMA NA VUNIVALU ,,
334,,,,NASILAI ,VULAGI VUA NA DAU NAKELO ,,
335,,,,NAIMALAVAU ,NAIMALAVAU VUA NA MARAMA NA ROKOTUINASAU,,
336,,,,VEISAMA ,DRAVUNI VUA MARAMA NA VUNIVALU,,
337,,,NAMENA ,NABURENIVALU,NAWAINOVO VUA NA TUI NAWAINOVO ,,
338,,,,NANANU ,IVALELEVU IRARA VUA NA GONE TURAGA NA VUNIVALU ,,
339,,,,LAWAKI ,VAKATURAGA I NA VANUA DERE VUA NA TUI DERE ,,
340,,,,QELEKURO ,DERE VUA NA TURAGA NA RATU ,,
341,,,,QOMA ,YAVUSA O NABULEBULEWA VUA NA TUI NABULEBULEWA ,,
342,,,,NADRANO ,"VAKATURAGA I NA VANUA, VALELEVU I NAICULA",,
343,,,,BURELEVU ,VAKATURAGA I VATUCOU VUA NA TUI VATUCOU ,,
344,,,NAUSORI ,NAUSORI,TURAGA NA RATU ,,
345,,,,NADURU,NAILAGOLABA VUA NA TURAGA NA TUI KUKU,,
346,,,,MOLITUVA ,NAILAGOLABA VUA NA TURAGA NA TUI KUKU,,
347,,,,NADALI ,VUNISALEVU VUA NA TUI VUGALEI ,,
348,,,,VUNIMONO ,NAILAGOLABA VUA NA TURAGA NA TUI KUKU,,
349,,,,VERATA WAILEVU ,NATAKALA VUA NA TUVOU,,
350,,,VERATA ,UCUNIVANUA ,NAISANOKONOKO VUA NA TURAGA NA RATU ,,
351,,,,NALOTO ,"VAKATURAGA INA VANUA, QALIBURE, I NAISARAVITI, VUA NA ROKOTAKALA ",,
352,,,,NAIVURUVURU ,TUNIMATA ,,
353,,,,KUMI ,VAKATURGA I YASA VUA NA ROKO TUI YASA,,
354,,,,NAVUNIMONO ,DAVIKO VUA NA VUNIVALU ,,
355,,,,SAWA ,ROKO TUI COLO,,
356,,,,ULUILOLI,ROKO TUI COLO,,
357,,,TAI VUGALEI ,NATUVA ,BURERUA VUA NA TURAGA NA VUNIVALU ,,
358,,,,VATUKARASA ,VAKATURAGA I NAVAKACERE VUA NA TURAGA NA VUNIVALU ,,
359,,,,NAMEKA ,BURERUA VUA NA TURAGA NA VUNIVALU ,,
360,,,,TONIA ,VUNIVALU VUA NA ROKO TUI TAI,,
361,,,TOKATOKA ,NABITU ,NACERUKU VUA NA TORA DREKETI,,
362,,,,LOMAINASAU ,NASEVOU  VUA NA TUI LOMAINASAU ,,
363,,,,VANUADINA ,NAIWAU VUA NA TURAGA NA VUNIKALOU ,,
364,,,,VUCI ,NAIVIROUROU VUA NA TUI VUCI,,
365,,,,DRAUBUTA ,VAKATURAGA I BATISULI VUA NA VUNIVALU ,,
366,,,,NAKAILE,NADUKU VUA NA TUI NADUKU ,,
367,,,,VANUALEVU ,NKAKASARA VUA NA TUINIKALOU,,
368,,,NUKU ,NATOGADRAVU ,VAKATURAGA I NA VANUA VAU NA TUI NABOU ,,
369,,,,NASELAI ,BURENIGADRO TURAGA ROKODURUCOKO ,,
370,,,DAWASAMU ,DRITI ,DAWASAMU VUA NA TURAGA NA RATU ,,
371,,,,DELAKADO ,DELAI VUA NA TURAGA RATU I DAWASAMU,,
372,,,,SILANA ,NAVUNISEA VUA NA NONA QASE  NA RATU E DAWASAMU,,
373,,,,NATALAIRA ,NAVUNISEA VUA NA NONA QASE  NA RATU E DAWASAMU,,
374,,,,NASINU ,TOVA VUA NA QASE NI VALE VUA NA RATU I DAWASAMU ,,
375,,,,NATADRADAVE ,YAVUSA DELAI VUA NA GONE TURAGA NA KOMAI DELAI ,,
376,,,,LUVUNAVUAKA ,TAI VUA NA ROKO TUI TAI ,,
377,,,,NABUALAU , TUI NABULEBULEWA VUA NA QASE NA ROKOTUILOMA ,,
378,,,BURETU ,BURETU,NAIBATI VUA NA TURAGA NA TORA NAIBATI,,
379,,,,NAIVAKACAU ,NAMARA VUA NA TUI NAIVAKACAU ,,
380,,,,MATAINOCO,NAQAU VUA NA TURAGA NA ROKO TUI NAIBATI,,
381,,,,NABOUCIWA ,VUNIYAVU VUA NA TURAGA NA ROKISI ,,
382,,,,DAKU ,NASAUMATUA VUA NA TURAGA NA ROKOTAKALA ,,
383,,,NAYAVU ,NAYAVU,VAKATURAGA I BAU VUA NA TURAGA NA ROKOTUIBAU ,,
384,,,,NAQIA ,RARA VUA NA VUNIVALU,,
385,,,,NAISABITU ,QELEMA VUA NA VUNIVALU ,,
386,,,,NAVEIVEIWALI,RARA VUA NA VUNIVALU,,
387,,,,NATUVATUVAVATU ,RARA VUA NA VUNIVALU,,
388,,,,NAMOKA ,QELEMA VUA NA VUNIVALU ,,
389,,,NALOTO ,NAVEICOVATU,TURAGA NA VUNIVALU NA TUI NALOTO,,
390,,,,NASAU ,TURAGA NA VUNIVALU NA TUI NALOTO,,
391,,,,NAIVICULA ,TURAGA NA VUNIVALU NA TUI NALOTO,,
392,,,NAILEGA ,NAIBITA ,NADUADUA VUA NA TURAGA NA VUNIVALU ,,
393,,,,MANU ,WAINUQA VUA NA KENA ITAUKEI ,,
394,,,,WAILEVU ,WAILEVU VUA NA ITAUKEI NAITASIRI ,,
395,,,,NAILEGA ,VATURAGA I NAILEGA VUA NA TURAGA NA VUNIVALU ,,
396,,,,NABULINI ,VATURAGA I WAINUQA VUA NA TURAGA NA VUNIVALU,,
397,,,WAILEVU ,WAILOTUA 1,WAILEVU VUA NA TURAGA NA TUI WAILEVU ,,
398,,,,WAILOTUA 2,VALELEVU IRARA VUA NA VUNIVALU ,,
399,,,,DAKUIVUNA ,NASAUTOKA VUA NA TURAGA SAU ,,
400,,,,MALABE,VUNIVALU E NADAKUA ,,
401,,,,NATOKALAU ,VUNIVALU E NAVUCINI,,
402,,,NASAUTOKA ,NASAUTOKA ,TURAGA SAU NA VUNIVALU ,,
403,,,,NABOUVA ,NAMOTE VUA NA VUNIVALU,,
404,BUREBASAGA,BA,NAILAGA,VOTUA,VAKATURAGA VUA NA MOMO NA RATU NI VOTUA,,
405,,,,NAWAQARUA,MOMO NA RATU NI VOTUA,,
406,,,,MATAWALU,VAKATURAGA TILIVA BUKUYA VUA NA MOMO NA TUI BA,,
407,,,,NAILAGA,VAKATURAGA TILIVA BUKUYA VUA NA MOMO NA TUI BA,,
408,,,,NASOLO,"VAKATURAGA INAVANUA NAMACUKU, VUA NA ITAUKEI NAMACUKU",,
409,,,,KOROQAQA,"VAKATURAGA IKORONUBU, ISUELEVU I WAIVILORI, NA TUI BA; INA YAVUSA SARAVA KEI NA KENA ITIKOTIKO VAKATURAGA",,
410,,,,NATUTU,"KORONUBU, TILIVALEVU MOMO NA TUI BA",,
411,,,BULU,NATALACAKE,"VANUA O BA, VALELEVU O KORONUBU VUA NA TUI BA, YAVUSA TABANIVONO, NADURUWAQA",,
412,,,,VADRAVADRA,"VANUA O BA, VALELEVU O KORONUBU VUA NA TUI BA, OWELEDRADRA ENA KORO O VADRAVADRA",,
413,,,,SASA,KORONUBU VUA NA MOMO NA TUI BA,,
414,,,,SOROKABA,KORONUBU VUA NA MOMO NA TUI BA,,
415,,,,NATUNUKU,KORONUBU VUA NA MOMO NA TUI BA,,
416,,,MAGODRO,NADEVO,VAKATURAGA INA VANUA NAROYASI VUA NA TUI MAGODRO,,
417,,,,NAVAGA,VAKATURAGA INA VANUA NAROYASI VUA NA TUI MAGODRO,,
418,,,,BUKUYA,VAKATURAGA INA VANUA NAROYASI VUA NA TUI MAGODRO,,
419,,,,TABALEI,VAKATURAGA INA VANUA NAROYASI VUA NA TUI MAGODRO,,
420,,,,TABUQUTO,VAKATURAGA INA VANUA NAROYASI VUA NA TUI MAGODRO,,
421,,,,NASIVIKOSO,VAKATURAGA INA VANUA NAROYASI VUA NA TUI MAGODRO,,
422,,,VUDA,VISEISEI,VAMOMO I VUNISEI VUA NA MOMO  NA TUI VUDA,,
423,,,,LAUWAKI,VAMOMO I VUNISEI VUA NA MOMO  NA TUI VUDA,,
424,,,,LOMALOMA,VAMOMO I LOMOLOMO  VUA NA ITAUKEI VUNATIVI,,
425,,,,NAMARA,VAMOMO I SABUTOYATOYA I WAI VUA  NA MOMOLEVU NA TUI VUDA,,
426,,,,NAGAGA,VAMOMO I NAVATULEVU VUA NA MOMO NA TUI VUDA,,
427,,,NACULA,MALAKATI,KOROTUILAGI NA RATU NI DROLA,,
428,,,,MATACAWALEVU,VAKATURAGA VUA NA MOMO NA RATU,,
429,,,,VUAKI,VAKATURAGA VUA NA MOMO NA TUI VAKI,,
430,,,,NAVOTUA,VAKATURAGA VUA NA MOMO NA TUI KORO,,
431,,,,NAISILISILI,VAKATURAGA VUA NA MOMO NA DALITUICAMA,,
432,,,,NAMATAYALEVU/YAQETA,VAKATURAGA I NAWAVUSO VUA NA TURAGA NA RATU NI YAQETA,,
433,,,,NACULA,KOROTUILAGI  NA MOMO NA TUI DROLA,,
434,,,SABETO,KOROYACA,VAMOMO I UTO VUA NA MOMO LEVU NA TUI SABETO,,
435,,,,NAROKOROKOYAWA,"VAMOMO I TARAWAU, SEVOU VUA NA VUNIVALU",,
436,,,,NATALAU,VAMOMO I KAI VUA NA VUNIVALU,,
437,,,,NABOUTINI,VAMOMO I UTO VUA NA MOMO LEVU NA TUI SABETO,,
438,,,,NADELE/ KOROBEBE,VAMOMO I NA YAVUSA NE,,
439,,,TOGE,BALEVUTO,TABUATOLU NA MOMO NA TUI NALOTO,,
440,,,,NADRUGU,TABUATOLU NA MOMO NA TUI NALOTO,,
441,,,,TOGE,TABUATOLU NA MOMO NA TUI NALOTO,,
442,,,NALOTAWA,RARA,SUE LEVU NAYALAVATUNA KENA ITAUKEI,,
443,,,,NALOTAWA,VANUA NAMARAVULEVU VUA NA MOMO NA TUI YAKETE,,
444,,,,NANUKU,VANUA NAMARAVULEVU VUA NA MOMO NA TUI YAKETE,,
445,,,,TUKURAKI,VANUA NAMARAVULEVU VUA NA MOMO NA TUI YAKETE,,
446,,,,YALOKU,"VAKATURAGA I NAMARAVULEVU VUA NA MOMO NA TUI YAKETE, ENA LOMA NI YAVUSA ERUA LEINATABUA NA TAUKEI VAVALAGI",,
447,,,,NAVILAWA,"VAKATURAGA I NAMARAVULEVU VUA NA MOMO NA TUI YAKETE, ENA LOMA NI MATAQALI ERUA",,
448,,,NADI,NAREWA,VAMOMO I NAVATULEVU VUA NA MOMO NA TUI NADI,,
449,,,,NAKAVU,VAMOMO I NAVATULEVU VUA NA MOMO NA TUI NADI,,
450,,,,NAMOTOMOTO,VAMOMO I NAVATULEVU VUA NA MOMO NA TUI NADI,,
451,,,,NAVOCI,VAMOMO I NAVATULEVU VUA NA MOMO NA TUI NADI,,
452,,,,SAUNAKA,VAMOMO I WERELEVU I SAWAIEKE VUA NA ITAUKEI NA UA,,
453,,,,DRATABU,VAMOMO I NAVO VUA NA KENA ITAUKEI,,
454,,,NAWAKA,NAWAKA,VAMOMO I NALAGI VUA  NA MOMO NA TUI NAWAKA,,
455,,,,VATUTU,VAMOMO I NALAGI VUA  NA MOMO NA TUI NAWAKA,,
456,,,,NAMULOMULO,VAMOMO I NALAGI VUA  NA MOMO NA TUI NAWAKA,,
457,,,,YAVUNA,VAMOMO I NALAGI VUA  NA MOMO NA TUI NAWAKA,,
458,,,,TUBENASOLO,VAMOMO I NALAGI VUA  NA MOMO NA TUI NAWAKA,,
459,,,TAVUA,TAVUALEVU,VAKATURAGA I BILA I  VUA NA MOMO NA TUI TAVUA,,
460,,,,NABUNA,VAKATURAGA I BILA VUA NA TUI TAVUA,,
461,,,,KOROVOU,VAKATURAGA I NAVAUVAU VUA NA KENA ITAUKEI,,
462,,,,VATUTAVUI,VAKATURAGA I BILA VUA NA TUI TAVUA,,
463,,,,NADELEI,VAKATURAGA I NADRAKUMA VUA NA TUI NADRAKUMA,,
464,,,,NARABULU(YAVUSA O NADOKANA/KORO),VAKATURAGA I BILA I  VUA NA MOMO NA TUI TAVUA,,
465,,,QAIYALATINA,NAVALA,VAKATURAGA I NA VANUA  VUA NA ITAUKEI NAMARAVULEVU,,
466,,,,NAKOROBOYA,YALATINA VUA NA TUI YALATINA,,
467,,,VITOGO,NAVIAGO,VAMOMO SUKANACAGI NA MOMO NA TUI VITOGO,,
468,,,,VITOGO,VAMOMO SUKANACAGI NA MOMO NA TUI VITOGO,,
469,,,,NAMOLI,VAMOMO I VIDILO VUA MOMO NA ITAUKEI VIDILO,,
470,,,,SARU,VAMOMO VUA NA TUI VITOGO ENA LOMA NI KENA YAVUSA O SARU,,
471,,,,VAKATUBULI,VAMOMO I KEINANI NA ITAUKEI SAQELE,,
472,,,VIWA,NAJIA,VAKATURAGA I WERELEVU TAITI MOMO NA TUI VIWA,,
473,,,,YAKANI,VAKATURAGA I NAMATOKA VUA NA TUI VIWA,,
474,,,,NAIBALEBALE,VAKATURAGA I VATANITAWAKE VUA NA TUI VIWA,,
475,,,SIKITURU,SIKITURU,VAMOMO I SAUNIVALU VUA NA MOMO TUI NADI,,
476,,,,YAVUSANIA,VAMOMO I SAUNIVALU VUA NA MOMO TUI NADI,,
477,,,,MOALA,VAMOMO I SAUNIVALU VUA NA MOMO TUI NADI,,
478,,,,KOROVUTO,VAMOMO I SAUNIVALU VUA NA MOMO TUI NADI,,
479,,,NAVITI,SOSO,VATURAGA I LEWEIVAWA  NA MOMO NA TUI NAVITI,,
480,,,,MUAIRA,VAKATURAGA I NADIKALAGI NA MARAMA NA TUI MAROU,,
481,,,,KESE,VAKATURAGA I NAILESU VUA NA MOMO NA TUI NAVITI,,
482,,,,MALEVU,VAKATURAGA I KORO VUA NA MOMO NA TUI NAVITI,,
483,,,,MAROU,VAKATURAGA I NADIKILAGI VUA NA MOMO NA TUI MAROU,,
484,,,,GUNU,VAKATURAGA I NAILESU VUA NA MOMO NA TUI NAVITI,,
485,,,,SOMOSOMO,VAKATURAGA I NAIVISERE VUA NA TUI MAROU,,
486,,,WAYA,YALOBI,VAKATURAGA I NALOTU NA MOMO NA TUI WAYA,,
487,,,,NATAWA,VAKATURAGA I LOMATI VUA NA TUI WAYA,,
488,,,,WAYALEVU,VAKATURAGA I TACI VUA NA TUI WAYA,,
489,,,,NALAUWAKI,VAKATURAGA I TANO VUA NA TUI WAYA,,
490,,,RUKURUKU,NAWAQADAMU,VAKATURAGA VALELEVU I NAOCOTABUA VEI IRA NA MOMO NA TUI NASESEVIA,,
491,,,,UTO,VAKATURAGA VALELEVU I NAOCOTABUA VEI IRA NA MOMO NA TUI NASESEVIA,,
492,,,,VUNAMOLI,VAKATURAGA VALELEVU I NAOCOTABUA VEI IRA NA MOMO NA TUI NASESEVIA,,
493,,,,TORE,VAKATURAGA VALELEVU I ERENALAYA  VEI IRA NA MOMO NA TUI RUKURUKU,,
494,,,,RARARUA,VAKATURAGA VALELEVU I ERENALAYA  VEI IRA NA MOMO NA TUI RUKURUKU,,
495,,,SAVATU,MAROU,"VAKATURAGA TILIVALEVU, TURAGA NA TUI NUBU TILIVASEWA TURAGA NA TUI CAWANISA",,
496,,,,WAIKUBUKUBU,"VAKATURAGA  I  NUBU, CAWANISA  VUA NA TUI",,
497,,,,NAIYACA,"VAKATURAGA I TILIVALEVU, NA TURAGA NA TUI CAWANISA",,
498,,,,LEWA,"VAKATURAGA I TILIVALEVU, TURAGA NA TUI NUBU TILIVASEWA TURAGA NA TUI CAWANISA",,
499,,,,NAGATAGATA,"VAKATURAGA I TILIVALEVU, TURAGA NA TUI NUBU TILIVASEWA TURAGA NA TUI CAWANISA",,
500,,,,KORO,"VAKATURAGA I TILIVALEVU, TURAGA NA TUI NUBU TILIVASEWA TURAGA NA TUI CAWANISA",,
501,,,,DRALA,"VAKATURAGA I TILIVALEVU, TURAGA NA TUI NUBU TILIVASEWA TURAGA NA TUI CAWANISA",,
502,,,,BUYABUYA,"VAKATURAGA I TILIVALEVU, TURAGA NA TUI NUBU TILIVASEWA TURAGA NA TUI CAWANISA",,
503,,,,NADALA,,,
504,,,YASAWA,TECI,VAKATURAGA I BOUWAQA VUA NA TUI TECI,,
505,,,,DALOMO,"VAKATURAGA INA VIKOSO NI VANUA, VUA NA TURAGA NA TUI TECI NA ITAUKEI BOUWAQA",,
506,,,,TAMUSUA,VAKATURAGA I VALELEVU NATUVASUKA VUA NA TURAGA NA RATU,,
507,,,,YASAWA-I-RARA,VATANITAWAKE NA MOMO NA TUI YASAWA,,
508,,,,BUKAMA,"VAKATURAGA I VANUAKULA, VUA NA TURAGA NA RATU NA ITAUKEI NABULITABUA",,
509,,,,NABUKERU,VAKATURAGA I VALELEVU NATUVASUKA VUA NA TURAGA NA RATU,,
510,,,VATURU,NAGADO,VAKATURAGA I VATURULEVU INA LOMA NI KENA YAVUSA E TOLU,,
511,,,,NATAWA,VAKATURAGA I NALOTAWA VUA NA KENA ITAUKEI,,
512,,KADAVU,TAVUKI,TAVUKI,NACOLASE VUA NA TURAGA NA VUNISALEVU NA TUI TAVUKI,,
513,,,,NAGONEDAU,NUKUNAWA VUA NA TUDAU,,
514,,,,SOLODAMU,BUREGADRO NA ROKOJISOLO,,
515,,,,NUKUNUKU,MATAVURA VUA NA TUI NUKUNUKU,,
516,,,,BAIDAMUDAMU,VUANIDILO VUA NA LENISAU NI VANUA,,
517,,,,WAISOMO,NAIBATI VUA NA JI WAISOMO,,
518,,,,NATUMUA,VUNITAVOLA VUA NA TURAGA JIMAKWE NA JINAIVI,,
519,,,,NAMUANA,VAKATURAGA I RAOUROJE NA TURAGA NA TUI NAMUANA,,
520,,,,GALOA,VAKATURAGA I NATUVULOKA NA TURAGA NA TUI GALOA,,
521,,,,CEVAI,NAIVALIVALI VUA NA TURAGA NA ROKOJINACEVA,,
522,,,,NAMALATA,BAUTALEVU NA TURAGA NA TUI NAMALATA,,
523,,,RAVITAKI,RAVITAKI,NAMANUSA VUA NA MARAMA NA TUI RAVITAKI,,
524,,,,MOKOISA,I NABOUTINI VUA NA TURAGA NI JI NABOU,,
525,,,,MUANI,"WAIKATAKA, JI YAURAVU",,
526,,,,WAILEVU,WAILEVU VUA NA TURAGA NA JI WAILEVU,,
527,,,,SOLOVOLA,NAIVITAQANI NA ROKOJISOLO,,
528,,,,MATANUKU,NALECA VUA NA ROKOVAKA,,
529,,,,NASEGAI,NALOVANI VUA NA TURAGA TUDRAWE,,
530,,,YALE,RAKIRAKI,NAIVIBATI VUA NA TUI YALE,,
531,,,,NAUCIWAI,BURENIKADI VUA NA TUI NAUCIWAI,,
532,,,,GASELE,NIUBUTO VUA NA TUI GASELE,,
533,,,,NAIOTI,NAIOTITU VUA NA TUI NAIOTI,,
534,,,,LEVUKA,QALIVAKATURAGA VUA NA TURAGA NA TAKALA I LEVUKA,,
535,,,NABUKELEVU,DAVIQELE,VALESASA VUA NA TURAGA NA TUI NABUKELEVU,,
536,,,,TALAULIA,NADURUVESI VUA NA TURAGA NA TUI TALAULIA,,
537,,,,LOMAJI,NAMAIRACAKE NA TURAGA NA TUI LOMAJI,,
538,,,,NABUKELEVU,YAVUSA NABUKELEVU VUA NA TURAGA NA TUIRA,,
539,,,,QALIRA,RATANIVONO VUA NA TURAGA NA ROVAKAVANUA,,
540,,,,DAGAI,NATABUGANA VUA NA TUI DREKETI,,
541,,,,NASAU,"VAKATURGA INA LOMANI YAVUSANA LEWENISAU, NA TURAGA NA VUNIVALU",,
542,,,,KABARIKI,YAVUSA KABARIKI VUA NA TUI KABA,,
543,,,,LEVUKA,NAKAILO VUA NA MARAMA NA TUI LEVUKA,,
544,,,,MUANINUKU,VAKATURAGA INA VAUAVA NA RATU NI VAGA,,
545,,,,TABUYA,MAUNILAU VUA NA TURAGA NA BETE,,
546,,,SANIMA,NAVUATU,NAVUATU VUA NA TUTRAGA NA TUI ONORIKI,,
547,,,,DRUE,NAWAIMALUA VUA NA TURAGA NA TUI DRUE,,
548,,,,NAKOROKORO,SUESUE VUA NA TURAGA NA TUI YAVUSA,,
549,,,,NAIVAKARAUNINIU,NAQOLOTINI VUA NA TURAGA NA TUI VITODRO,,
550,,,,NAMARA,VAKATURAGA I NAISOGOIKA VUA NA TURGA NA TUI LELEUVIA,,
551,,,YAWE,NALOTU,VALEDEIDEIGA VUA NA TURAGA NA TUI YAWE,,
552,,,,KOROVOU,NAUTU VUA NA TURAGA NA ROKO TU,,
553,,,,NATOKALAU,RAUNI VUA NA TURAGA NA TUI RAUNI,,
554,,,,YAKITA,WAILEVU VUA NA TURAGA NA TUI YAKITA,,
555,,,,NAQALOTU,NAIVIQA VUA NA TURAGA NA TUI NAQA,,
556,,,,TAWAVA,NAULUVATU VUA NA TURAGA TUI,,
557,,,,BUSA,"VAKATURAGA KI BUSA, VUA NA TAKALA I MALABI",,
558,,,NAKASALEKA,NAKORONAWA,"NAKORONAWA VUA NA TURAGA NA TUI NAKASA; NABALA , NA TUI NAKASA",,
559,,,,LOMANIKORO,NABALA VUA NA TUI NAKASA,,
560,,,,NAKAUNAKORO,NACAGILIWALIWA VUA NA TURAGA NA TUI NAKORO,,
561,,,,NAKAUGASELE,NAKAUGASELE VUA NA TAKALA I NAKASALEKA,,
562,,,,KAVALA,NAQARAQARA VUA NA TURAGA NA TUI KAVALA,,
563,,,,LAWAKI,VAKATURAGA NA JIRISAMUTA VUA NA TUI LAWAKI,,
564,,,,SOLOTAVUI,NAKAMAKAMA VUA NA TUNITOGA NI NAKASA,,
565,,,,TILIVA,VUNIMATOLU VUA NA TUNIDAU NI TILIVA NA VUNIVALU,,
566,,,,MATASAWALEVU,TAVEU VUA NA TUI TAVEU,,
567,,,,NUKUVOU,NAIVALIVALI VUA NA TUI NAKASA,,
568,,,,VACALEA,KOROILOLO VUA NA TUI LOLO,,
569,,,,LAVIDI,RARANITIQA TUI LOLO NA VUNIVALU; ROKOTUINIVONO NA TUI NABOU,,
570,,,NACEVA,SOSO,KOROISOSO VUA NA TURAGA NA TUI NACEVA,,
571,,,,NACOMOTO,VAKATURAGA I KORONITABUA VUA NA TUI KADAVU,,
572,,,,NIUDUA,NAKORO JIOMA VUA NA TUI JIOMA (YAVUSA VATA KEI JIOMA),,
573,,,,JIOMA,NAKORO JIOMA VUA NA TUI JIOMA (YAVUSA VATA KEI JIOMA),,
574,,,,VUAKAVU,"NAISOGOCEVA VUA NA TAKALAI NACEVA , TUI VUKAVU",,
575,,,,KADAVU,VAKATURAGA I VADRAIVAKARURU VUA NA TUI KADAVU,,
576,,,,DRAVUWALU,"NATAWALEVU, VUA NA TURAGA NA TUI DRAVUWALU ",,
577,,,,MUANISOLO, VAKATURAGA I NAUAUA VUA NA ROKOTUIKAMA,,
578,,,,VUNISEI,NAMULOMULO VUA NA TURAGA NA TUI NAMUANA,,
579,,,,DAKU,NAMOCE NA TURAGA NA TAKALAI GASELE,,
580,,,ONO,VABEA,"KOROIVABEA VUA NA MARAMA BALE NA TUI VABEA, NA SAU NI VANUA ONO",,
581,,,,WAISOMO,VAKATURAGA I ULUNIKORO VUA NA TUI ONO,,
582,,,,NARIKOSO,RAVIRAVI VUA NA TUI RAVIRAVI,,
583,,,,NAQARA,TILIVA VUA NA ROKOTAKALA NA TUI,,
584,,,,NABOUWALU,NATURU VUA NA ROKOVAKA NA VUNIVALU,,
585,,,,BULIYA,"VAKATURAGA I NAWANAWAISAU, VUA NA TURAGA TUI BULIYA NA VUNIVALU",,
586,,,,DRAVUNI,"NATUSARA , VUA NA RAMALO NA TUNIDAU NI BOKOLA",,
587,,NADROGA/NAVOSA,CUVU,CUVU,"VAKATURAGA I LOUVAJU, I NAKURUVAKARUA VUA NA VEIYAGWANE NA KWA LEVU, NA TUI NADROGA",,
588,,,,NAEVUEVU,"VAKATURAGA I LOUVAJU, I NAKURUVAKARUA VUA NA VEIYAGWANE NA KWA LEVU, NA TUI NADROGA",,
589,,,,TORE,"VAKATURAGA I LOUVAJU, I NAKURUVAKARUA VUA NA VEIYAGWANE NA KWA LEVU, NA TUI NADROGA",,
590,,,,YADUA,VAKATURAGA  I KORONIKULA VUA NA TAUKEI NA KORONIKULA,,
591,,,,RUKURUKULEVU,"VAKATURAGA I LOUVAJU,  NAKURUVAKARUA, VEIYAGWANE NA KWA LEVU, NA TUI NADROGA INA YATAGA NI VANUA  I YAVAHUNA",,
592,,,,HANAHANA,"VAKATURAGA I YAVAHUNA, NAKURUVARUA NA KWA LEVU NA TUI NADROGA INA YATAGA NI VANUA I YAVAHUNA",,
593,,,,SILA,"VAKATURAGA I LOUVAJU, NAKURUVAKARUA VUA NA VEIYAGWANE NA KWA LEVU, NA TUI NADROGA",,
594,,,MALOMALO,MALOMALO,VAVIAGWANE I TABANIVONO INA WERELEVUI NAHOHOWAQA,,
595,,,,NAIDIRI,"VAMOMO I LOUVAJU, I NAHOQO E MATA NA MOMO NA TUI NAHOQO",,
596,,,,NALELE,"VAKATURAGA I TABANIVONO,  NA WERELEVU I NAHONI NA KENA ITAUKEI",,
597,,,,SANASANA,"VAMOMO I LAUVAJI, I NAHOQO E MATA NA MOMO NA TUI NAHOQO",,
598,,,,VUSAMA,VAKATURAGA I NAHONI NA KENA WERELEVU IGUHUITUVA ,,
599,,,,NAIVISABASABA,VAKATURAGA I NAHONI NA KENA WERELEVU IGUHUITUVA,,
600,,,,BATIRI,VAKATURAGA I NA YAVUSA NOIMAROI INA LENA WERELEVU NAWAQALIQALI,,
601,,,,TOGOBULA,VAKATURAGA I KETENAVANIVALU VUA NA TURAGA NI YAVUSA,,
602,,,NAHIGATOKA ,NAHIGATOKA,"VAKATURAGA ILOUVAJU VUA NA TUI NASIGATOKA, WERELEVU I WERENIDRI",,
603,,,,YAVULO,VAKATURAGA ILOVOHA VUA NA TAUKEI NA LOVOHA,,
604,,,,NASAMA,"VAKATURAGA ILOUVAJU, NAKURUVARUA VUA NA KALEVU",,
605,,,,VUNAVUTU,"VAKATURAGA ILOUVAJU, NAKURUVARUA VUA NA KALEVU",,
606,,,,VOLIVOLI,VAKATURAGA I NADRUKU VUA NA KENA ITAUKEI NA NOI NADRUKU,,
607,,,,NAYAWA,VAKATURAGA  SAKA I MAZUZU VUA NA TUI MAZUZU,,
608,,,,LASELASE,VAKATURAGA I NADRUKU VUA NA TURAGA NA TUI NADRUKU,,
609,,,NOKONOKO,LAWAI,VAKATURAGA I TABANIVONO VUA NA TUI TABANIVONO,,
610,,,,NAKABUTA,VAKATURAGA I TABANIVONO VUA NA TUI TABANIVONO,,
611,,,,NAKALAVO,VAKATURAGA I KUATA  VUA NA TUI TABANIVONO,,
612,,,,VUNATORAU,,,
613,,,,TILIVALEVU,VAKATURAGA I TABANIVONO VUA NA TUI TABANIVONO,,
614,,,,NADURI,VAKATURAGA I TABANIVONO VUA NA TUI TABANIVONO,,
615,,,NAMATAKU,KEIYASI,"VAKATURAGA I NASAUNIVALU, VALE LEVU I LODONI  VUA NA TUI NASAUNIVALU",,
616,,,,NASAUCOKO,VAKATURAGA I NABAU VUA NA TUI  NAMATAKU,,
617,,,,DRAIBA,VAKATURAGA I NUKUVURA VUA NA KENA ITAUKEI,,
618,,,,SAWENE,VAKATURAGA I NAMATAKU I NA WERE LEVU I SAWAIKE VUA NA TURAGA NA TUI NAMATAKU,,
619,,,,WAUOSI,VAKATURAGA I NABAU VUA NA TUI  NAMATAKU,,
620,,,,EDRAU,VAKATURAGA I NOIKIYASI VUA NA KENA ITAUKEI,,
621,,,,NAVULA,VAKATURAGA I NASAUNIVALU I WERELEVU I LODONI VUA NA KENA ITAUKEI,,
622,,,,NAUSORI,"VAKATURAGA I VEISEVUSEVUTI, NABAU, VALELEVU E VOTUVOTU VUA NA KENA ITAUKEI",,
623,,,NADRAU,NADRAU,TALADRAU VUA NA TUI NADRAU,,
624,,,,NABAWAQA,TALADRAU VUA NA TUI NADRAU,,
625,,,,QALINASEVU,TALADRAU VUA NA TUI NADRAU,,
626,,,,NAGA,TALADRAU VUA NA TUI NADRAU,,
627,,,RAVIRAVI,MOMI,VAKATURAGA ITABANIVONO I RA VUA NA KENA ITAUKEI,,
628,,,,YAKO,VAKATURAGA INAKARUAVUA NA KENA ITAUKEI,,
629,,,,NABILA,VAKATURAGA ITABANIVONO I RA VUA NA KENA ITAUKEI,,
630,,,WAICOBA,NAREWA,VAKATUARAGA I NOIREWADRA VUA NA TUI NASESEVIA,,
631,,,,VAGADRA,VAKATUARAGA I NOIBORO  VUA NA TUI NASESEVIA,,
632,,,,NARATA,VAKATUARAGA I NOIREWADRA VUA NA TUI NASESEVIA,,
633,,,,NASOVATAVA,VAKATUARAGA I TAVARUA  VUA NA TUI NASESEVIA,,
634,,,KOROLEVUIWA ,VOTUA,VAKATURAGA I DAVUJUKIA VUA NA TUI DAVUJUKIA  (WAI),,
635,,,,VOTUALAILAI,VAKATURAGA I DAVUJUKIA VUA NA TUI DAVUJUKIA  (WAI),,
636,,,,TAGAQE,VAKATURAGA I DAVUJUKIA VUA NA TUI DAVUJUKIA  (WAI),,
637,,,,NAMADA,VAKATURAGA I DAVUJUKIA VUA NA TUI DAVUJUKIA  (WAI),,
638,,,,VADRAYA,VAKATURAGA I DAVUJUKIA VUA NA TUI DAVUJUKIA  (WAI),,
639,,,MAVUA,RAIWAQA,VAKATURAGA I MAVUA VUA NA KENA ITAUKEI,,
640,,,,MAVUA,VAKATURAGA I NABUAVATU  VUA NA TUI NABUAVATU,,
641,,,,TUBAIRATA,"VAKATURAGA I JUBAINOQI, VALELEVU I BUKUSIA VUA NA KENA ITAUKEI",,
642,,,NAQALIMARE,KORONISAGANA,VAKATURAGA I NABUAVATU VUA NA TUI NABUA,,
643,,,,SAUTABU,VAKATURAGA I NABUAVATU VUA NA TUI NABUA,,
644,,,,NATAWATAWADI,VAKATURAGA I TAVARUA  VUA NA TUI NABUA,,
645,,,,TOGA,VAKATURAGA I NABUAVATU VUA NA TUI NABUA,,
646,,,,VUNAQORU,VAKATURAGA I NABUAVATU VUA NA TUI NABUA,,
647,,,,NAVEIYAGO,VAKATURAGA I QERELEVU  VUA NA TUI NABUA,,
648,,,,KORORUA,VAKATURAGA I NABUAVATU VUA NA TUI NABUA,,
649,,,BEMANA ,TONUVE,VAKATURAGA DAVUTUKIA VUA TUI DAVUTUKIA,,
650,,,,VULINAGERUA,VAKATURAGA VUNABAKA  VUA TUI DAVUTUKIA,,
651,,,,NALEBALEBA,VAKATURAGA BOALBOLA  VUA TUI BOLABOLA,,
652,,,,TUVU,VAKATURAGA DAVUTUKIA VUA NA TUI DAVUTUKIA,,
653,,,KOMAVE ,KOMAVE,VAKATURAGA I VUSU VUA NA TURAGA NA TUI VUSU,,
654,,,,NAMATAKULA,VAKATURAGA I VUSU VUA NA TURAGA NA TUI VUSU,,
655,,,,BIAUSEVU,VAKATURAGA I VUSU VUA NA TURAGA NA TUI VUSU,,
656,,,,VUCILEVU,VAKATURAGA I VUSU VUA NA TURAGA NA TUI VUSU,,
657,,,NAVATUSILA,NABUTAUTAU,VAKATURAGA I NAVATUSILA VUA NA TUI NAVATUSILA,,
658,,,,NASAUVAKARUA,VAKATURAGA I NAVATUSILA VUA NA TUI NAVATUSILA,,
659,,,,MARE,VAKATURAGA I NAVATUSILA VUA NA TUI NAVATUSILA,,
660,,,,NANOKO,VAKATURAGA I NAVATUSILA VUA NA TUI NAVATUSILA,,
661,,,VATULELE,TAUNOVO,VAKATURAGA I EKUBU VUA NA TAKALAI EKUBU,,
662,,,,LOMANIKAYA,VAKTURAGA I KOROMAHIANA VUA NA TURAGA NA TUI NAMO,,
663,,,,BOUWAQA,VAKATURAGA I BOUWAQA VUA NA TURAGA NA TUI BOUWAQA,,
664,,,,EKUBU,VAKATURAGA I NALIMOLEVUANA VUNISALEVU NA TURAGA TUI EKUBU,,
665,,,TUVA,VOUWA,"YATAGA NI VANUA I NAYARAYARA, INA KEA WERE LEVU I VUNAWI VUA NA ITAUKEI VUNAWI",,
666,,,,NADROUMAI,"NAYARAYARA, INA KEA WERE LEVU O YAUODRI NA ITAUKEI YAUODRI",,
667,,,,TOGOVERE,TABAINOVO. TUI TABAINOVO WERELEVU ITOTOKANALAGI,,
668,,,,SEMO,MATAVIAVIA  VUA NA ITAUKEI MATAVIAVIA,,
669,,,,NABAU,JUBEITAREWA VUA NAKENA ITAUKEI JUBEITAREWA,,
670,,,,KABISI,TABAINOVO. TUI TABAINOVO WERELEVU ITOTOKANALAGI,,
671,,,,EMURI,KETENAVUNIVALU VUA SAKA WERELEVU NUKURAYAWA                                                                                                                                                                                                                                                                                                                                                                                                                                                                                                                                                                                                                                                                                                                                                                                                                                                                                                                                                                                                                                                                          ,,
672,,,,NIU YOKA,KETENAVUNIVALU VUA SAKA WERELEVU NUKURAYAWA                                                                                                                                                                                                                    ,,
673,,,KOROINASAU,BALENABELO,VAKATURAGA I DAVUJUKIA VUA NA TUI DAVUJUKIA  (VANUA),,
674,,,,VUNAYAWA,VAKATURAGA I DAVUJUKIA VUA NA TUI DAVUJUKIA  (VANUA),,
675,,,,NAIVIBULI,VAKATURAGA I DAVUJUKIA VUA NA TUI DAVUJUKIA  (VANUA),,
676,,,,SOVI,VAKATURAGA I DAVUJUKIA VUA NA TUI DAVUJUKIA  (VANUA),,
677,,,WAI,LOMAWAI,WERELEVU I WEREDINA VUA NA TURAGA NA TUI NALOLO,,
678,,,,KUBUNA,VAKATURAGA INA YAVUSA NALOLO VUA NA ITAUKEI NALOLO,,
679,,,,NAKOROKULA,VAKATURAGA INA VANUA LOUVAJU KEI NA YAVUSA NALOLO KEI NA ITIKOTIKO VAKATURAGA,,
680,,,,NAVUTU,VAKATURAGA INA YAVUSA NOITURUKU VUA NA KETENAVUNIVALU,,
681,,,,TAU,VAKATURAGA INA YAVUSA LEWEKOROVAGADRA VUA NA TAUKEI NARARA,,
682,,,,BAVU,VAKATURAGA ILEWEIKOROVAGADRA VUA NA KENA ITAUKEI,,
683,,,CONUA ,VATUKARASA,NAIBILA VUA NA TURAGA NA TUI CONUA,,
684,,,,KOROTOGO,"NABOKA KENA NA I TAUKEI , TOGA VUA MA KENA ITAUKEI",,
685,,,,NAWAMAGI,VAKATURAGA INA YAVUSA TOGA VUA NA TURAGA NA TUI PELEAKI,,
686,,,,NADRALA,VAKATURAGA NIVIKABUTA VUA NA KENA ITAUKEI,,
687,,,,MALEVU,VAKATURAGA  I TOGA VUA NA TUI CONUA,,
688,,,,NARORO,VAKATURAGA I VAKAVIGWANE  VUA NA TURAGA NA YAVUSA TOGA VUA NA TURAGA NA TUI PALEAKI,,
689,,,,NARATA,VAKATURGA I WEREDRUGA VUA NA KENA ITAUKEI..,,
690,,,NOIKORO,KOROLEVU,VAKATURAGA INA VANUA O KORO KEINA KENA ITIKOTIKOVAKATURAGA E LOMAIVITI VUA NA KENA ITAUKEI,,
691,,,,NAMOLI,VAKATURAGA I NAROROSAU KENA ITIKOTIKO VAKATURAGA I VALELEVU E NAIYALAYALA,,
692,,,,NUKUILAU,VAKATURAGA I KORO VUA NA TURAGA NA TUI NOIKORO,,
693,,,,VATUBALAVU,VAKATURAGA I KORO VUA NA KENA ITAUKEI,,
694,,,,NABUYANITU,VAKATURAGA I KORO VUA NA TURAGA NA TUI NOIKORO,,
695,,,,DRAUBUTA,VAKATURAGA I KOROIVABEKWA KOROLEVU NA TUI NAKORO,,
696,,,,NAKORO/NAVITILEVU,VAKATURAGA I KORO VUA NA KENA ITAUKEI I WERE LEVU,,
697,,,,WEMA,VAKATURAGA I NA NAQWAQWA KEI NA KENA ITIKOTIKO VAKATURAGA,,
698,,,,TAVUA,VAKATURAGA I NA YAVUSA LEWEIMOTUVUA NA KNA ITAUKEI,,
699,,,MALOLO,SOLEVU,"VAKATURAGA INA VANUA LAWA. VUA NA TURAGA NA TUI LAWA, VAKATURAGA I NALOTU VUA NA TURAGA NA TUI LAWA",,
700,,,,YARO,"VAKATURAGA INA VANUA LAWA. VUA NA TURAGA NA TUI LAWA, VAKATURAGA I NALOTU VUA NA TURAGA NA TUI LAWA/ VAKATALESAU VUA NA ITAUKEI NABUKELEVU                                                                                                                                                                                                                                                                                                                                                                                                                                                                                                                                                                                                                                                                                                                                                                                             ",,
701,,,,YANUYA,VAKATURAGA I NA YAVUSA YANUYA VUA NA ITAUKEI YANUYA,,
702,,,,NAWAIRABE,VAKATURAGAI NASIKAWA VUA NA TUI NASIKAWA,,
703,,,NASIKAWA,NAKOROVOU,VAKATURAGA I NAVUA VUA NA IKENA ITAUKEI TUI NAVAU,,
704,,,,MATOKANA,"VAKATURAGA INA VANUA, KOROVABEKWA VUA NA KENA ITAUKEI",,
705,,,,WAIBASAGA,YATAGA NI VANUA O NADRUKU INA VANUA O NASIKAWA,,
706,,,,NAVOLA,NASIKAWA VUA NA TUI NASIKAWA,,
707,,NAMOSI,WAINIKOROILUVA ,NAMUAMUA,VAKATURAGA I NABUKEBUKE VUA NA KENA ITAUKEI,,
708,,,,NUKUSERE,VAKATUARAGA I NATAVUNI VUA NA KENA ITAUKEI,,
709,,,,NAKAVIKA,VAKATURAGA I NABUKEBUKE VUA ITAUKEI SALIADRAU,,
710,,,,NAVUNIKABI,VAKATURAGA I NABUKEBUKE VUA ITAUKEI NAVUNIKABI,,
711,,,VEIVATULOA ,VEIVATULOA,VAKATURAGA I LOLO VUA NA TUI DRAVUNI,,
712,,,,MAU,NAVUGAYAGO VUA NA ITAUKEI NAVUGAYAGO,,
713,,,,NABUKAVESI,VAKATURAGA I NABUKEBUKE VUA TUI NAMOSI,,
714,,,,QILAI,VAKATURAGA I NABUKEBUKE VUA TUI NAMOSI,,
715,,,,NAVUNISOCO,VAKATURAGA I NABUKEBUKE VUA TUI NAMOSI,,
716,,,,LOBAU,VAKATURAGA I NABUKEBUKE VUA TUI NAMOSI,,
717,,,,NAMELIMELI,VAKATURAGA I NAIKOROKORO VUA NA BATINOTOKATUA,,
718,,,,NAKAVU,VAKATURAGA I NATUVORA VUA NA VUNIVALU,,
719,,,NAMOSI,NAMOSI,VAKATURAGA I NABUKEBUKE VUA NA TUI NAMOSI,,
720,,,,NAVUNIBAU,VAKATURAGA I SOLOIRA VUA NA ITAUKEI NAMARA,,
721,,,,NAVUNIYASITU,VAKATURAGA I NABUKEBUKE VUA TUI NAMOSI,,
722,,,,WAIVAKA,VAKATURAGA I NADAKUNI VUA NA ITAUKEI NADAKUNI,,
723,,,,NASIGATOKA,VAKATURAGA I NABUKEBUKE VUA TUI NAMOSI,,
724,,,NAQARAWAI,NAQARAWAI,VAKATUARAGA I NATAUBALE VUA NA VUNIVALU,,
725,,,,WAINIMAKUTU,VAKATURAGA I NALEA VUA NA VUNIVALU,,
726,,,,NARAIYAWA,VAKATUARAGA I NATAUBALE VUA ITAUKEI NATAUBALE,,
727,,,VEINUQA,NASOQO,"VAKATURAGA I VALUVUKA, NAYAVIRAKI, TABARIKI VUA NA TUI NAMOSI",,
728,,,,WAINILOTULEVU,VAKATURAGA I SANASANA VUA NA KENA ITAUKEI,,
729,,,,WAINIYAVU,"VAKATURAGA I TABARIKI, NAKOROWAIWAI VUA NA KENA ITAUKEI",,
730,,,,BUROTU,VAKATURAGA I DRANU VUA NA KENA ITAUKEI,,
731,,,,VUNIDAVO,VAKATUARAGA I NAKOROWAIWAI VUA NA KENA ITAUKEI,,
732,,REWA,REWA,LOMANIKORO,"BUREBASAGA, MARAMA BALE NA ROKOTUIU DREKETI NA VUNIVALU",,
733,,,,NASIGATOKA,NAILARUBE VUA NA YAVUSA TOGA,,
734,,,,NUKUTUBUSAWANA,NAKAMAKAMA VUA NA MATAVULE,,
735,,,,NABUA,"VAKATURAGA I YAVUSANAMU, VUA NA TURAGA NA MALAKATI",,
736,,,,NASILAI,VAKATURAGA I VULAGI VUA NA DAUNAKELO,,
737,,,,DREKENA,BURENIVALU I NATIKIRI VUA NA MATANIVANUA,,
738,,,,NADOI,BURENIVALUI VUA NA MATANIVANUA,,
739,,,,VUNUKU,BURENIVALUI VUA NA MATANIVANUA,,
740,,,,TAVUYA,BURENIVALU I VUNICAKAU VUA NA MATANIVANUA,,
741,,,,NUKUI,VAKATURAGA I MATANIKORO VUA NA TUNIDAU,,
742,,,,NAROCIVO,VAKATURAGA I BURENIVALU I NAVOLAU VUA NA MATANIVANUA,,
743,,,,LOKIA,VAKATURAGA I TACILEVU VUA NA MATANIVANUA,,
744,,,BUREBASAGA ,NACOKONI,"VAKATURAGA I NACOKONI, VUA NA ROKOTUNI NA MATADREKETI",,
745,,,,WAIVOU,DANUDANU VUA NA ROKORAITE,,
746,,,,NAIVISARA,NAISOGOVASA VUA NA ROBUTOBUTAKO,,
747,,,,SUVALAILAI,VAKATURAGA IBURE NAKERE VUA NA MATANIVANUA,,
748,,,RAVIRAVI ,NAWAISOMO,VAKATURAGA I RAVIRAVI VUA NA TURAGA NA TUI RAVIRAVI,,
749,,,,LALATI,VAKATURAGA I NAWASAWASA VUA NA TUI RAVIRAVI,,
750,,,,RAVIRAVI,VAKATURAGA I RAVIRAVI VUA NA TURAGA NA TUI RAVIRAVI,,
751,,,,NACEVA,,,
752,,,VUTIA ,MUANAICAKE,VAKATURAGA I VATUROKO VUA NA TUNIDAU NI BOKOLA,,
753,,,,MUANAIRA,VAKATURAGA I NAOCODOGO VUA NA TUNI-SAU,,
754,,,,LAUCALA,ITIKOTIKO,,
755,,,DREKETI ,NAKOROVOU,VAKATURAGA I WAINASUE VUA NA TUWAINA,,
756,,,,NADORIA,VAKATURAGA I VUNIYAVU VUA NA MATANIVANUA,,
757,,,,VUNISINU, VAKATURAGA I NADUGUCA VUA NA TURAGA NA ROKOTUINADUGUCA,,
758,,,,NALASE,VAKATURAGA I WAILUMU VUA NA TUI WAILUMU,,
759,,,,NABULI,VAKATURAGA I NABULI VUA NA TUI NABULI,,
760,,,TOGA ,NAVATUYABA, VAKATURAGA I NOKONOKO VUA NA ROKO TUI TOGA,,
761,,,,VUNISEI,VAKATURAGA I NAVAKAI VUA NA VUNIVALU,,
762,,,,MUANA,VAKATURAGA I NAKOROLEVU VUA NA TUI COLO,,
763,,,SAWAU ,DAKUIBEQA,VAKATURAGA I NARUMOCEMOCE NA TURAGA NA TUI SAWAU,,
764,,,,SOLIYAGA,VAKATURAGA I NARUMOCEMOCE NA TURAGA NA TUI SAWAU,,
765,,,,RUKUA,VAKATURAGA I NADURUVESI VUA NA TUI RUKUA,,
766,,,,DAKUNI,VAKATURAGA I LEVUKA VUA NA TAUKEI BUREQA NA TUI LEVUKA,,
767,,,,NAISEUSEU,VAKATURAGA I KULU VUA NA TURAGA TUI LAWAKI,,
768,,,NOCO,NABUDRAU,VUNISA VUA NA TURAGA NA TUI NOCO,,
769,,,,NAKURIWAI,VAKATURAGA VUNIMATARUA VUA NA GONETURAGA NA VUNIVALU,,
770,,,,NAQARANI,VAKATURAGA NATERUMAI VUA NA TURAGA NA TUNI,,
771,,,,NAVAKA,VAKATURAGA I VALERAU VUA NA TUNI KALOU,,
772,,,,TACI,VAKATURAGA I VALERAU VUA NA TUI TACI,,
773,,,,NAROCAKE,VAKATURAGA I NAITAKA VUA NA TUIVADRA,,
774,,,,MATANIMOLI,VAKATURAGA I NAMOLI VUA NA MATAKI NAKELO,,
775,,,,NAIVILACA,VAKATURAGA I MATANIKORO VUA NA TUNIDAU NOCO,,
776,,,,NACURU,VAKATURAGA I NAIVILEWENI VUA NA VUNIVALU,,
777,,,,NAKAUWARU,VAKATURAGA I WAICOLA VUA NA TUNI MATAI NOCO,,
778,,,SUVA ,SUVAVOU,VAKATURAGA I NADONUMAI VUA TUI SUVA,,
779,,,,LAMI,VAKATURAGA I NADONUMAI VUA TUI SUVA,,
780,,,,WAIQANAKE,VAKATURAGA I NAVAKAVU LEVULEVUVUA NA TURAGA NA ROKOBALENI,,
781,,,,MUAIVUSO,VAKATURAGA I NAVAKAVU LEVULEVUVUA NA TURAGA NA ROKOBALENI,,
782,,,,NABAKA,VAKATURAGA I NAVAKAVU LEVULEVUVUA NA TURAGA NA ROKOBALENI,,
783,,,,KALOKOLEVU,VAKATURAGA I NATAUVAKARUA VUA NA ROKO DELAI NAMAKO,,
784,,,,TOGALEVU,VAKATURAGA I NAVAKAVU LEVULEVUVUA NA TURAGA NA ROKOBALENI,,
785,,,,WAINAWA,VAKATURAGA I NAVAKAVU LEVULEVUVUA NA TURAGA NA ROKOBALENI,,
786,,SERUA,SERUA ,SERUA,VAKATURAGA I KOROLEVU VUA NA TURAGA NA VUNIVALU,,
787,,,,NAVUTULEVU,VAKATURAGA I KOROLEVU VUA NA ITAUKEI LUTUYA,,
788,,,,NABOUTINI,VAKATURAGA I BURENITU VUA NA ITAUKEI BURENITU,,
789,,,,NAMAQUMAQUA,VAKATURAGA I NACULAVA VUA NA ITAUKEI NACULAVA,,
790,,,,VUNANIU,VAKATURAGA I VUSARATU VUA ITAUKEI BURENITU,,
791,,,,KOROVISILOU,VAKATURAGA I NADRUKU VUA NA ITAUKEI NADRUKU,,
792,,,,YANUCA,VAKATURAGA I NUKUTABUA VUA NA TURAGA NA TUI DAGA,,
793,,,,NABUKELEVU,VAKATURAGA I BURENITU VUA NA ITAUKEI RAILEVU,,
794,,,,CULANUKU,"VAKATURAGA I KOROLEVU VUA NA TURAGA NA VUNIVALU ,  KALEVU",,
795,,,DEUBA ,NASAVU,VAKATURAGA I LOLO VUA NA TUI DRAVUNI,,
796,,,,SADRO,VAKATURAGA I LOLO VUA NA TUI DRAVUNI,,
797,,,,SANIVEIUTO,VAKATURAGA I DRAVUNI  VUA NA TUI DRAVUNI,,
798,,,,VUINIBAU,"VAKATURAGA I KOROLEVU VUA NA TURAGA NA VUNIVALU ,  KALEVU",,
799,,,BATIWAI ,NAKOROVOU,VAKATURAGA I BURENITU VUA NA ITAUKEI RAILEVU,,
800,,,,GALOA,VAKATURAGA I VUSU NA TURAGA NA TANI VASU,,
801,,,,DRANIKULA,VAKATURAGA I NASOROWAICA VUA NA VUNIVALU,,
802,,,,WAINIYABIA,VAKATURAGA I NAKURAKI VUA NA VUNIVALU,,
803,,,,QARASARAU,VAKATURAGA I TOLUGA VUA NA VUNIVALU NA TUI QAMO,,
804,,,NUKU,WAIBOGI,VAKTURAGA I NASOROIWACA VUA NA TUI NASOROIWACA,,
805,,,,WAINADIRO,VAKATURAGA I VUSU VUA NA TUARAGA NA TUI VUSU WAIBOGI,,
806,,,,MASI,VAKATURAGA I SAYEKE VUA NA TURAGA NA TANISAYAKE,,
807,,,,NAIMASIMASI,VAKATURAGA I NASAUCOKOCOKO VUA NA TUI NASAUNOKONOKO,,
808,,,,SABATA,VAKATURAGA I WAIMARO VUA NA VUNIVALU,,
809,,,,NUKU,VAKATURAGA I SAYEKE VUA NA TURAGA NA TANISAYAKE,,
810,TOVATA,BUA,BUA ,NAVUNIEVU,VAKATURAGA I TACILEVU VUA NA BULI TACILEVU,,
811,,,,KOROINASOLO,"VAKATURAGA I RUKURUKU, NA GONE TURAGA NA RATU NI RUKURUKU",,
812,,,,BUA,VAKATURAGA VUA NA MARAMA BALE TUI BUA E CAKAUNITABUA,,
813,,,,TILIVA,VAKATURAGA I CAKAUNITABUA VUA NA MARAMA NA TUI BUA/ VAKATURAGA I NAUAVA VUA NA KENA ITAUKEI,,
814,,,,DALOMO,VAKATURAGA I CAKAUNITABUA VUA NA MARAMA NA TUI BUA,,
815,,,,WAITABU,VAKATURAGA I CAKAUNITABUA VUA NA MARAMA NA TUI BUA/ VAKATURAGA INA YAVUSA NAVITILEVU,,
816,,,,NAWAILEVU,VAKATURAGA I NAWAILEVU VUA NA KOMAI NAWAILEVU,,
817,,,WAINUNU,DARIA,VAKATURAGA I QALIVAKARARA VUA NA TUI WAINUNU,,
818,,,,NAKOROTIKI,"VAKATURAGA I NAMATARUA, NA GONE TURAGA  NA ITAUKEI NUKUDAMU",,
819,,,,COGEA,VAKATURAGA I TANIDAMU VUA NA KOMAI TANIDAMU,,
820,,,,NAVAKASALI,VAKATURAGA I DAWACUMU VA NA TURAGA NA TUI DAWA,,
821,,,,NADUA,VAKATURAGA I MAURURU VUA NA TUI MAURURU,,
822,,,,SAOLO,VAKATURAGA I KOROLEVU VUA NA VUNIVALU TUI KOROLEVU,,
823,,,,NAKAWAKAWA,VAKATURAGA VUA NA MARAMA BALE NA TUI BUA E CAKAUNITABUA,,
824,,,DAMA ,DAMA,"VAKATURAGA VUA NA TURAGA NA TUI WAILEVU , NA BULI DAMA",,
825,,,,NASAU,VAKATURAGA I NASAU VUA NA KOMAI ONO,,
826,,,,NAWACA,VAKATURAGA I ULUVAXAIVAU NA BULI NAWACA,,
827,,,,TAVULOMO,"VAKATURAGA VUA NA TURAGA NA TUI WAILEVU , NA BULI DAMA",,
828,,,,NARUWAI,VAKATURAGA I NA VANUA VUA NA TURAGA NA TUI NARUWAI,,
829,,,,NAGADOA,VAKATURAGA I WAILEVU VUA NA TURAGA NA TUI WAILEVU,,
830,,,,DRITI,VAKATURAGA I TUIMATOVO VUA NA TURAGA NA BULI DRITI,,
831,,,NAVAKASIGA ,NAIVIQIRI,VAKATURAGA INA VANUA VUA NA BULI VAKASIGA,,
832,,,,NASAU,VAKATURAGA I NAUAVA VUA NA TUNIMATA,,
833,,,,NAIVAKA,"VAKATURAGA I RUKURUKU, NA GONE TURAGA NA RATU RUKURUKU/ BULI NAIVAKA",,
834,,,SOLEVU ,MAKOLEI,VAKATURAGA I NABUKEBUKE VUA NA MARAMA VUNIVALU,,
835,,,,NAWAIDO,VAKATURAGA I SUALEVU VUA NA ITAUKEI SUALEVU,,
836,,,,CAVAGA,VAKATURAGA I NAKOROWAIWAI VUA NA BULI CAVAGA,,
837,,,NADI ,NASOLO,VAKATURAGA I NADI VUA NA BULI NADI,,
838,,,,NASAVU,"VAKATURAGA I NABUKAIVITI/NAVUAIKOSO, NA TURAGA BULINAVERE",,
839,,,,NASAWANA,VAKATUARAGA I BARAVI VUA NA BULINAVERE,,
840,,,,SAWANI,VAKATURAGA I BARAVI VUA NA VUNIVALU,,
841,,,VUYA ,VUYA,VAKATURAGA I DAVIKO VUA NA TURAGA NA TUI VUYA I VUYA VUA NA RAMASI,,
842,,,,NAVAVE,I DAVIKO VUA NA TURAGA NA TUI VUYA,,
843,,,,NABOUWALU,VAKATURAGA I NAKOROLEVU VUA NA BULI RAVIRAVI,,
844,,,,WAIRIKI,VAKATURAGA I RAVIRAVI VUA NA TUI WAIRIKI,,
845,,,,YADUA,VAKATUARAGA I RAVIRAVI VUA  NA BULI RAVIRAVI,,
846,,,LEKUTU ,NAMUAVOIVOI,VAKATURAGA I BURENITU VUA NA TUI LEKUTU VANUA ,,
847,,,,BANIKEA,VAKATURAGA I BURENITU VUA NA TURAGA NI QELE,,
848,,,,KAVULA,VAKATURAGA I ROKORA VUA NA TUI WAINUNU,,
849,,,,VOTUA,VAKATURAGA I NA VANUA I BURENITU VUA NA BULI LEKUTU,,
850,,,,TAVEA,VAKATURAGA I BURENITU VUA NA TURAGA NA TUNIDAU,,
851,,,,GALOA,VAKATURAGA INAITA I GALOA VUA NA TURAGA NI QELE,,
852,,,,NASAROWAQA,VAKATURAGA I RACIVO VUA NA TURAGA NI QELE,,
853,,,,YAQAGA,VAKATURAGA INAITA YAQAGA VUA NA TURAGA NI QELE,,
854,,,KUBULAU ,NAMALATA,VAKATURAGA I NASUVA VUA NA TUNIVANUA,,
855,,,,NAVATU,VAKATURAGA I NASUVA VUA NA TUNIVANUA,,
856,,,,RAVIRAVI,VAKATURAGA INA VANUA NA MASI ROKOWAQA,,
857,,,,KIOBO,VAKATURAGA I KOROALAU VUA NA TUI KUBULAU,,
858,,,,WAISA,VAKATURAGA I NASUVA RUA VUA NA MASI TABUTABU,,
859,,,,NASASAVUA,VAKATURAGA I KUBULAU VUA NA TUI KUBULAU VUA NA TUI KUBULAU,,
860,,,,NATOKALAU,VAKATURAGA SAKA I NAYAVAYAVASE VUA NA TUI NARO ,,
861,,,,NAKOROVOU,VAKATURAGA INAITAUBA VUA NA TUI NADI,,
862,,,,NADIVAKARUA,VAKATURAGA INAITAUBA VUA NA TUI NADI,,
863,,,,KILAKA,VAKATURAGA INAITAUBA VUA NA TUI NADI,,
864,,CAKAUDROVE,CAKAUDROVE,SOMOSOMO,LALAGAVESI VUA NA TURAGA NA BALE NA TUI CAKAU NA VUV NI VANUA O CAKAUDROVE,,
865,,,,LAMINI,VAKATURAGA  VALELEVU I VUNIDAWA VUA NA GONE TURAGA NA VUNIVALU  NA TUI SOMOSOMO,,
866,,,,LOA,VAKATURAGA I NA VANUA NAKABUTA VUA NA TURAGA MAI NAKABUTA,,
867,,,,WELAGI,"VAKATURAGA I NASUVA , NA MARAMA VUNISA NA TUI TAVEUNI",,
868,,,,LOVONIVONU,"VAKATURAGA I SOKULA, RABE VEI IRA NA TUI RABE",,
869,,,,NAKOBO,VAKATURAGA I KOROCAU VEI IRA NA TURAGA NA TUI KOROCAU,,
870,,,,BAGASAU,VAKATURAGA I NAVUNI VUA NA NA TURAGA NA KENA ITAUKEI,,
871,,,,NANUCA,VAKATURAGA SAKA I WAILEVU VUA NA TAUKEI WAILEVU,,
872,,,,DAKUNIBA,VAKATURAGA I MABUCO VAU NA TURAGA NA TUI MABUCO,,
873,,,,TAVUKI,VAKATURAGA I DELAIVADRA VUA NA TUI TAVUKI,,
874,,,,VUNIKURA,VAKATURAGA I NA NOQU TUVATUVA REWA I MABUCO VUA NA GONE TURAGA NA TUI MABUCO,,
875,,,,YACATA,VAKATURAGA I YACATA VUA NA TURAGA NA TUI YACATA,,
876,,,,NAWI,VAKATURAGA I NADARAGA VUA NA NA TUI NADARAGA,,
877,,,LAUCALA,DREKETI,"VAKATURAGA I NASOVU, VUANISINU NA TUI LAUCALA",,
878,,,,KOCOMA,VAKATUGA I MABA VUA NA TURAGA NA TUI MABA,,
879,,,,NAQELELEVU,RAMASI VUA NA TURAGA NA  TUI NAQELELEVU,,
880,,,,TOGO,VAKATURAGA I VUANICAUA VUA NA TURAGA NA TUI QARANIYA!U,,
881,,,,YANUCA,VAKATURAGA SAKA INA MATAQALI O QILO VUA NA TURAGA NA TUI QAMEA,,
882,,,NATEWA,VUSASIVO,VAKATURAGA I VUANISAIKI VUA NA TURAGA NA TUI VUSARATU,,
883,,,,NADAVACI,"VAKATURAGA I NA VANUA VUANISAIKI VUA NA TUI VOSASIVO, LOMA NI MATAQALI O NAKAULAU",,
884,,,,BUCA,VAKATURAGA I KAMA VUA NA TURAGA NA TUI KAMA,,
885,,,,NATEWA,VAKATURAGA I SOVATABUA NA TURAGA NA VUNIVALU,,
886,,,,DAWA,"SOVANATABUA NA TURAGA VUNIVALU E NATEWA, LOMANI KENA MATAQALI I NAUTOVUSO",,
887,,,,TUKAVESI,VAKATURAGA I NAVAKI VUA NA TURAGA NA RAVOUVOU,,
888,,,,VUSARATU,VAKATURAGA I VUSARATU NA TUI VUSA,,
889,,,NAVATU,LEA,VAKATURAGA INA VANUA O LOA VUA NA TURAGA NA TUI LOA,,
890,,,,KOROLEVU,VAKATURAGA I KOROLEVU VUA NA TUI KOROLEVU,,
891,,,,KORONATOGA,VAKATURAGA INA VANUA VUNIDAWA VUA NA TUI VUNIDAWA ,,
892,,,,NASINU,"VAKATURAGA I KUBULAU VUNISAWANA , NUKULOA VUA NA TUI NUKULOA",,
893,,,,NAVAKAKA,VAKATURAGA I NAQOROVAKARUA VUA NA TUI NAVATU,,
894,,,,DREKENIWAI,VAKATURAGA INA LOMA NI YAVUSA O NAVATU VUA NA TURAGA NA TUI NAVATU,,
895,,,,VIANI,VAKATURAGA I NASIMA VUA NA TURAGA NA TUI NAVADRA,,
896,,,,TABIA,VAKATURAGA INA VANUA O VUNIDAWA VUA NA TURAGA NA VUNIDAWA,,
897,,,NASAVUSAVU,NUKUBALAVU,VAKATURAGA I NASAVUSAVU VUA NA TURAGA NA TUI NASAVUSAVU,,
898,,,,NAGIGI,VAKATURAGA DEWALA VUA NA TURAGA NA TUINISA,,
899,,,,NAIDI,VAKATURAGA I NASAVUSAVU VUA NA TURAGA NA TUI NASAVUSAVU,,
900,,,,YAROI,VAKATURAGA I YAROI VUA NA KENA ITAUKEI,,
901,,,,WAIVUNIA,VAKATURAGA I NAVATUMA VUA NA KENA ITAUKEI,,
902,,,,VIVILI,VAKATURAGA I ONOVA VUA NA TURAGA NA TUI ONOVA,,
903,,,,SAVUDRODRO,VAKATURAGA I NAULANA VUA INA KENA VEILIUTAKI,,
904,,,,NACEKORO,VAKATURAGA I NASAVUSAVU VUA NA TURAGA NA TUI NASAVUSAVU,,
905,,,,NACAVANADI,VAKATURAGA DEWALA VUA NA TURAGA NA TUINISA,,
906,,,VUNA,KOROVOU,VAKATURAGA INA VANUA O NASIMA I TUI VUA/ SAU NI VANUA O VUNA,,
907,,,,KANACEA,VAKATURAGA I NAULUVATU VUA NA GONE TURAGA NA TUI KANACEA,,
908,,,,NAVAKAWAU,VAKATURAGA I VUNA VUA NA TURAGA NA DAKUNIVANUA,,
909,,,WAINIKELI,QELENI,VAKATURAGA I NA VUANIBOKOI/WAINIKELI VUA NA TURAGA TUWEI,,
910,,,,LAVENA,VAKATURAGA I BOUMA VEIRA NA VUNISA /  VAKATURAGA I LAVENA VEI IRA NA TUI LAVENA,,
911,,,,KOROVOU,VAKATURAGA I BOUMA VEI IRA NA TURAGA NA VUNISA,,
912,,,,NAIVIVI,VAKATURAGA I NA VANUA I !OROVATU VUA NA GONE TURAGA SAUVOU I !OROVATU,,
913,,,,NADILO,VAKATURAGA I KOROVATU VUA NA TUI KOROVATU / MANUTE VUA NA TUI MANUTE,,
914,,,,NASELESELE,VAKATURAGA VUA NI BO?OI,,
915,,,,VIDAWA,VAKATURAGA I LEKUTU VUA NA TUI LEKUTU NA VUNIVALU,,
916,,,,WAITABU,VAKATURAGA INASAU VUA NA GONETURAGA NA TUI NASAU,,
917,,,TUNULOA,KANAKANA,VAKATURAGA I NAVESIBASAGA VEI IRA NA RAKAU,,
918,,,,KAROKO,VAKATUARA I NAILOU VUA NA TURAGA NA MAI NAILOU,,
919,,,,KOROIVONU,VAKATURAGA I NAMAKITA VEI IRA NA TUI TUNULOA,,
920,,,,NAILOU,VAKATURAGA I NAILOU VUA NA TURAGA NA TUI NAILOU,,
921,,,,WAILEVU,VAKATURAGA I NAMAKITA VEI IRA NA TUI TUNULOA,,
922,,,,MUANA,"VAKATURAGA INA VANUA E VALELEVU MAKITA VUA NA TURAGA NA TUI TUNULOA, I WAINI VUA MAI NA WAINI",,
923,,,,NAQARAUTU,"VAKATURAGA I NAQARAUTU, NA TURAGA SAUVOU",,
924,,,,NAVETAU,"VAKATURAGA I NAMAKITA VEI IRA NA TUI TUNULOA, INA MATAQALI O VALELEVU VUA NA KENA ITAUKEI",,
925,,,,SALIA,VAKATURAGA IDEVO VEI IRA NA TUI CAKE,,
926,,,VATUROVA,KOROTASERE,"VAKATURAGA I NAKASE , NA GONE TURAGA NA TUI VATUROVA",,
927,,,,LEKUTULEVU,VAKATURAGA I LEKUTULEVU  VUA NA KENA ITAUKEI,,
928,,,,NAKUKU,NAKASE VUA NA TUI VATUROVA E VATUROVA VUA NA KENA ITAUKEI,,
929,,,,VATUKUCA,"VAKATURAGA I NAKASE VUA NA TUI VATUROROVA, VALELEVU I NADI",,
930,,,,KOROKOLI,"VAKATURAGA I NAKASE , NA GONE TURAGA NA TUI VATUROVA",,
931,,,,NAYARABALE,VAKATURAGA I WACAWACA VUA NA TURGA NA TUI NAYARABALE,,
932,,,,DOMOKAVU,VAKATURAGA I NABOUTINI VUA NA MAI BURELEVU,,
933,,,,SEAVACI,VAKATURAGA I RAVINIVATU VUA NA KENA ITAUKEI,,
934,,,,VANUAVOU,VAKATURAGA I VUSA RATU VUA NA TUI VUSA RATU,,
935,,,,VATURAMULO,VAKATURAGA I TAVETA VUA NA MAI TAVETA,,
936,,,,WAVU,"VAKATURAGA I NAKASE, VUA  NA TUI VATUROVA",,
937,,,KOROALAU,NUKUBOLU,VAKATURAGA I NUKUBOLU  VUA  NA TUI KOROALAU,,
938,,,,VUINADI,VAKATURAGA I KOROALAU VUA NA TUI KOROALAU,,
939,,,,VUNIDOGOLOA,VAKATURAGA I NADAWA VUA NA KENA ITAUKEI,,
940,,,,BUCALEVU,VAKATURAGA BOLAWAQA VUA NA KENA ITAUKEI,,
941,,,,NAKAWAGA,VAKATURAGA I NUKUBOLU  VUA NA TURAGA NA TUI KOROALAU,,
942,,,,NABUA,VAKATURAGA I YAVUSA TAKALA VUA NA KENA ITAUKEI,,
943,,,WAIRIKI,NAVAKURU,WAIRIKIBUCA VUA NA TURAGA NA TUI WAIRIKI,,
944,,,,SUWENI,WAIRIKICAKE VUA NA TURAGA NA TUI WAIRIKI,,
945,,,,SATULAKI,VAKATURAGA I DEWALA VUA NA TURAGA NA TUI DEWALA,,
946,,,,MATALOLO,VAKATURAGA I VANUA TABU VUA NA TURAGA NA KOROALAU,,
947,,,NAWENI,NAWENI,VAKATURAGA I BAULEKA VUA NA TURAGA NA TUI NAWENI,,
948,,,,DROMUNINUKU,VAKATURAGA I BAULEKA VUA NA TURAGA NA TUI NAWENI,,
949,,,,TACILEVU,TACILEVU VUA NA TUI TACI,,
950,,,SAQANI,SAQANI,"VAKATURAGA I LALAGAVESI VUA NA TUI CAKAU, VALELEVU NATADRA VUA NA BULI SAQANI",,
951,,,,MALAKE,VAKATURAGA I DAWATO VUA NA TUI DAWATO,,
952,,,,BIAUGUNU,VAKATURAGA I WAINIBU VUA NA KENA ITAUKEI,,
953,,,,NABOUTINI,VAKATURGA I NAUTOSOLOVUA NA KENA TAUKEI,,
954,,,,NAVETAU,VAKATURAGA I VICALEA NA KENA I TAUKEI,,
955,,,,NATUVU,"VAKATURAGA I  VALELEVU VUA NA BULI SAQANI, KOROLOLO VUA NA KENA ITAUKEI",,
956,,,,LAKEBA,VAKATURAGA I VUNIDRUGU VUA NA KENA ITAUKEI,,
957,,,,SESE,VAKATURAGA IVUNIVATU VUA NA KENA ITAKEI,,
958,,,,VUNIWAI,VAKATURAGA I TEITEICIVA VUA NA TURAGA NA TUI VANUALEVU,,
959,,,,MARAVU,VAKATURAGA I DAWATO VUA NA TUI DAWATO,,
960,,,,VALOVONI,VAKATURAGA I NATOA VUA NA KENA ITAUKEI,,
961,,,,NACULA,VAKATURAGA I NAMEDRO NA KENA ITAUKEI,,
962,,,,NADOGO,VAKATURAGA I BOLAWAQA VUA NA KENA ITAUKEI,,
963,,,TAWAKE,TAWAKE,"VAKATURAGA I KOROIVOCO, VUA NA TURAGA NA VUNIVALU",,
964,,,,NAGASAUVA,"VAKATURAGA I KOROIVOCO, VUA NA TURAGA NA VUNIVALU",,
965,,,,YASAWA,"VAKATURAGA I CUKU VUA NA YALAI NA TURAGA NA TUI CUKU, MATAVUVALE VANUA KOROISAVUKA",,
966,,,,VATU,"VAKATURAGA I MUANAICAKE , TUI CUKU",,
967,,,,WAINIGADRU,"VAKATURAGA I KOROIVOCO, VUA NA TURAGA NA VUNIVALU",,
968,,,WAILEVU,WAILEVU,VAKATURAGA I NAVESI NA TUI WAILEVU,,
969,,,,VALENI,VAKATURAGA VUA NA MASILEVU E TUBU LEVU,,
970,,,,NAYARAILAGI,VAKATRURAGA I SEAQAQA NA TURAGA NA KOMAI IVUNIMALA,,
971,,,,BATIRI,VAKATURAGA I NAMUNAWAI ENA KENA ITIKOTIKO VAKATURAGA,,
972,,,,NAIQAQI,NATOAVATU VUA NA TURAGA NA TUI  NATOAVATU,,
973,,,,VATUVONU,NATOAVATU VUA NA TURAGA NA TUI  NATOAVATU,,
974,,,,VUNIDAWAMOLI,VAKATURAGA I NAKASOVESI VUA NA TURAGA NA TUI NAULANA,,
975,,,,NATUVU,VAKATURAGA I NAKOROSAKA VUA NA RAMASI TU NAVATU,,
976,,,,LAUCALA,VAKATURAGA I LAUCALA VUA NA TUI LACALA,,
977,,,,VUADOMO,VAKATURAGA I VUADOMO INA KENA ITAUKEI(KORO)/ IMUANIVATU ENA KENA TIKOTIKO VAKATURAGA I MUA (INA YAVUSA),,
978,,,,URATA/ NADAMOLE,MUANIVATU NA TUI MUANIVATU,,
979,,,,NABACI,VAKATURAGA I SOLOVE VUA NA KENA ITAUKEI,,
980,,,,DREKETI,NAVESI NA TUI WAILEVU,,
981,,,,VUNIVESI,NATOAIKA NA KENA ITAUKEI,,
982,,,,NALOALOA,DREKENIWAI NA KENA ITAUKEI,,
983,,,,NABALEBALE,NASAWANA VUA NA TURAGA NA ITAUKEI NASAWANA,,
984,,,,LEVUKA,VAKATURAGA I NASOGOCAUCAU VUA NA KENA ITAUKEI/ VAKATURAGA I DRAKANIWAI VUA NA KENA ITAUKEI,,
985,,,,BAGATA,NAVATUKAWA NA KENA ITAKUEI,,
986,,,,VATULELE,MUANIVATU NA TUI MUANIVATU,,
987,,,,KEKA,NATOAVATU VUA NA TURAGA NA TUI  NATOAVATU,,
988,,,,DAWARA,VAKATURAGA I YANAWAI VUA NA TUI YANAWAI,,
989,,,,JERUSALEMI/ NABACI,VAKATURAGA I SOLOVEUNEUNE VUA NA KENA ITAUKEI,,
990,,,,VAKATIVA,DREKENIWAI NA KENA ITAUKEI,,
991,,,,WAISALI,VAKATURAGA I WAISALIVUA NA KENA ITAUKEI,,
992,,,,NAKASA, VAKATURAGA I VADRANI VUA NA TUI VADRANI / KENA I TAUKEI,,
993,,,,NATUA,VAKATURAGA I NAULANA VUA NA KENA I VEILIUTAKI,,
994,,LAU,LAKEBA ,TUBOU,VAKATURAGA I VUANI REWA NA TUI NAYAU NA SAU NI VANUA O LAU NA TUI LAU,,
995,,,,LEVUKA,VAKATURAGA I DELAIKOROLEVU VUA NA DAU LAKEBA,,
996,,,,NASAQALAU,VAKATURAGA I NASEUVOU VUA NA RAMASI,,
997,,,,VAKANO,VATURAGA I ATAPU VUA NA TUIRA,,
998,,,,YADRANA,VAKATUERAGA I DREKEIVUCI  VUA NA TUIRA,,
999,,,,NUKUNUKU,VAKATURAGA INA YAVUSA MUANAKAULI VUA NA TUI SOSO,,
1000,,,,WAITABU,VAKATURAGA INA YAVUSA WAITABU VATULIGILIGI NA TURA,,
1001,,,,WACIWACI,VAKATURAGA I LOMANIKORO VUA NA TUI WACIWACI,,
1002,,,MUALEVU ,MUALEVU, SENIMOLI VUA NA SAU KEI MUALEVU NA TUI MAVANA  .,,
1003,,,,MAVANA,VAKATURAGA INA YAVUSA QALITU VUA NA TURAGA NA TUI KOBUCA,,
1004,,,,CIKOBIA,YAVUSA MATANACAGI VUA NA TURAGA NA TUI CIKOBIA,,
1005,,,,BOITACI,VATURAGA INA YAVUSA SALIA VUA NA TURAGA NA TUI BOI,,
1006,,,,AVEA,VAKATURAGA I DELAITOVA NA TURAGA NA TUI MUNIA,,
1007,,,,MUAMUA,YAVUSA MUAMUA VUA NA TURAGA NA TUI MUAMUA,,
1008,,,,MALAKA,MALAKA VUA NA TURAGA NA TUI MALAKA,,
1009,,,,DALICONI,VAKATURAGA INA YAVUSA WAITUI VUA NA TURAGA NA TUI DAKU,,
1010,,,LOMALOMA ,LOMALOMA,QALA VUA NA RAVUNISA/ BUCA VUA NA RASAU/ NATURUKU VUA NA TUI NATURUKU,,
1011,,,,SAWANA,YAVUSA TOGA VUA NA TURAGA NA TUI LAU,,
1012,,,,SUSUI,VANUANAWA VUA NA TUI SUSUI,,
1013,,,,DAKUILOMALOMA,VUEJI VUA NA TUI DAKU,,
1014,,,,NAROVICO,KAVIKA VUA NA TUI NAROVICO,,
1015,,,,NAMALATA,VUNIIVI VUA NA TUI NAMALATA,,
1016,,,,URUONE,YAVUSA NAVUSAQA VUA NA TURAGA NA TUI URUONE,,
1017,,,,LEVUKANA,NAMASI VUA NA TUI LEVIKANA,,
1018,,,,TUVUCA,"NASOKENIVATU , NA RAMASI",,
1019,,,CICIA ,TARUKUA,"NAULUVATU VUA NA TUI TARU,  WALAKEWA VUA NA TURAGA NA TUI CICIA",,
1020,,,,LOMAJI,TABUTOGA VUA NA TURAGA NA TUI LOMAJI,,
1021,,,,NATOKALAU,LOMANIKORO VUA NA TURAGA NA TUI NATOKALAU,,
1022,,,,NACEVA,KOROLEVU VUA NA TUI NACEVA,,
1023,,,,MABULA,NAVUAIVALU VUA NA TURAGA NA TUI MABU,,
1024,,,MOALA ,NAROI,WAILIWALIWA VUA NA VANUA MOALA,,
1025,,,,NASOKI,DAVETALEVU VUA NA TUI NASOKI,,
1026,,,,KETEIRA,NAKOROWAIWAI VUA NA TUI KETEIRA,,
1027,,,,VUNUKU,MANUKUICAKE VUA NA TUI VUNUKU,,
1028,,,,CAKOVA,KETEILOMA VUA NA TUI CAKOVA,,
1029,,,,VADRA,VAUA VUA NA TUI VAUA,,
1030,,,,MALOKU,MALOKU VUA NA TUI MALOKU,,
1031,,,,MUAKACUNI,MUAKACUNI VUA NA TUI MUA,,
1032,,,TOTOYA ,TOVU,MATAILAKEBA VUA NA TURAGA NA ROKOSAU,,
1033,,,,KETEI,NAVEIRUARUA VUA NA TURAGA RAMALO NA TUI KETEI,,
1034,,,,DRAVUWALU,NAKOROWAIWAI VUA NA TURAGA NA TUI DRAVUWALU,,
1035,,,,UDU,MUAICAKOLAU  VUA NA TURAGA MNA TUI UDU,,
1036,,,,VANUAVATU,NAULUVATU VUAN ATUI VANUA,,
1037,,,MATUKU,YAROI,YAROI VUA NA TUI MATUKU,,
1038,,,,NATOKALAU,NATOKALAU VUA NA VAKA,,
1039,,,,QALIKARUA,QALIKARUA VUA NA RAMASI,,
1040,,,,LEVUKAIDAKU,WAILIWALIWA VUA NA RATU,,
1041,,,,MAKADRU,DAKU VUA NA TUI DAKU,,
1042,,,,LOMATI,LOMATI VUA NA TUI LOMATI NA TUI MATUKU,,
1043,,,,RAVIRAVI,RAVIRAVI VUA NA TUI RAVIRAVI,,
1044,,,NAYAU ,LIKU,VAKATURAGA KINA YAVUSA LIKU VUA NA GONE TURAGA NA TUI LIKU,,
1045,,,,NAROCIVO,YAVUSA MAUMI GONETURAGA NA TUI NARO,,
1046,,,,SALIA,VAKATURAGA INA YAVUSA DEVOBALAVU VUA NA GONE TURAGA NA TUI DEVO,,
1047,,,ONEATA ,WAIQORI,BUKATATANOA VUA NA TUI ONEATA,,
1048,,,,DAKUILOA,BUKATATANOA VUA NA TUI ONEATA,,
1049,,,MOCE,NASAU,"DEALAIMAKUTU VUA NA TURAGA NA RAMASI , NA TUI MOCE",,
1050,,,,KOROTOLU,"DELAIMAKOTU VUA NA TURAGA NA RAMASI , NA TUI MOCE",,
1051,,,KABARA ,NAIKELEYAGA,NAKORO VUA NA TUI KABARA,,
1052,,,,TOKALAU,NUKULEKA VUA NA TUI TOKALAU ; DELAIOLO VEI RATOU SA MATUA,,
1053,,,,LOMAJI,NUBURAVI VUA NA TUI LOMAGI,,
1054,,,,UDU,VUNIGIAGIA VUA NA TUI  UDU,,
1055,,,,KOMO,DELAIKOMO VUA NA TURAGA NA TUI KOMO ,,
1056,,,VULAGA ,MUANAIRA,NAKOROILOMA/ MUANAIRA VUANA TURAGA NA TUI MUANAIRA/TUI EBA/TUI RA,,
1057,,,,MAUANAICAKE,VANUASEVU VUA NA TURAGA NA TUI VULAGA,,
1058,,,,NAIVIDAMU,"MUANIVANUA VUA NA TURAGA NA TUI NAIVI, TAKALA NI VANUA",,
1059,,,,OGEA,"MUANIVANUA VAU NA TURAGA NA TUI NAIVI, TAKALA NI VANUA",,
1060,,,ONO ,NUKUNI,NADURUVESI VUA NA TUI ONO; VAKATURAGA I CAKAUSEYAWA VUA NA TUI ONO,,
1061,,,,LOVONI,ONOLEVU VUA NA TUI LOVONI;NADURUVESI VUA NA TUI ONO;CAKAUSEYAWA NA TUI ONO,,
1062,,,,DOI,LOMANIKORO VUA NA TUI DOI; NADURUVESI VUA NA TUI ONO,,
1063,,,,MATOKANA,NADURUVESI VUA NA TUI ONO; VAKATURAGA I CAKAUSEYAWA VUA NA TUI ONO,,
1064,,,,VATOA,YAVUSA VATOA VUA NA TUI VATOA,,
1065,,MACUATA,MACUATA ,NADURI,VAKATURAGA I CAUMATALEVU VUA NA TUI MACUATA,,
1066,,,,NAMAMA,"VAKATURAGA INA YAVUSA O NAMAMA I VALELEVU BOLATAGANE, VUA NA TUI CAUMATALEVU",,
1067,,,,NABUKADOGO,VAKATURAGA I NAMOLI VUA NA TAUKEI KOROLEVU,,
1068,,,,NABOUONO,VAKATURAGA I NABOUONO VUA NA RATU NI NABOUONO,,
1069,,,,MACUATA-I-WAI,"VAKATURAGA I BOLATAGANE, VUA NA TUI CAUMATALEVU",,
1070,,,,NASEA,VAKATURAGA I NABALEVU VUA NA TAUKEI NABALEVU,,
1071,,,,NAQUMU,VAKATURAGA INA YAVUSA NAVAKALAMA VUA NA ITAUKEI NAVALAMA,,
1072,,,,NIURUA,NAMOLI VUA NA ITAUKEI NI KOROLEVU,,
1073,,,,NAIVIDAMU,VAKATURAGA I NAWAIVUVU VUA NA GONE TURAGA NA TUI LIGAU LEVU,,
1074,,,,RAVIRAVI,"VAKATURAGA I MATAINUBULEVU, TIKOTIKO VAKATURAGA I NAVATUDUA",,
1075,,,,NAKALOU,VAKATURAGA SAKA I NABEKAVUVUA SAKA NA GONETURAGA NA VUNIVALU,,
1076,,,,YARO/KIA,VAKATURAGA IVALELEVUI NAWAIVUVU NA GONE TURAGA NA TUI MACUATA,,
1077,,,,NASUVA,VAKTURAGA ICUQUMA VUA NA RATU MAI CUQUMA,,
1078,,,,DAKU,VAKATURAGA IVALELEVUI NAWAIVUVU NA GONE TURAGA NA TUI MACUATA,,
1079,,,,BUAVOU,VAKATURAGA I NAWAVE NA KENA ITAUKEI,,
1080,,,SEAQAQA,NARAVUKA,NARAVUAKA VUA NA TURAGA NA KOYAMAI NARAVUKA/ SEAQAQA VUA NA MSAI NI VANUA O SEAQAQA,,
1081,,,,NACEREYAGA,VAKATURAGA SAKA I VOLIVOLI VUA NA KENA ITAUKEI,,
1082,,,,BATIRI,VAKATURAGA I SEAQAQA NA TURAGA NA KOYAMAI VUNIMALA,,
1083,,,,NAYARAILAGI,VAKATURAGA SAKA I NAMUNAWAI ENA KENA TIKOTIKO VAKATURAGA,,
1084,,,,NANENIVUDA,VAKATURAGA I TAMONIBUCA,,
1085,,,,NAVESIDRUA,"VUNIVAKAWARA, TAMONIBUA VUA NA TURAGA NA TUI WALU",,
1086,,,,SAIVOU,"VAKATURAGA I WAWAI, KENA ITIKOTIKO I NAREWA VUA NA MARAMA ILIULIU NI YAVUSA",,
1087,,,,NACAUROKOVI/LOMALOMA,VAKATURAGA I DAKUNIVLE ENA KENA TOIKOTIKO VAKATURAGA,,
1088,,,NADOGO,SOGOBIAU,VAKATRURAGA I VALELEVU I TOROCAKE VUA NA TURAGA NA TUI NADOGO,,
1089,,,,NUBU,VAKATURAGA I NUBU VUA SAKA NA TURAGA NA TUI NUBU,,
1090,,,,NABUTUBUTU,VAKATURAGA I NUBU VUA SAKA NA TURAGA NA TUI NUBU,,
1091,,,,NAIKELIKOSO,"VAKTURAGA I NUBU VUA NA GONETURAGA NA TUI NUBU, I VALESIVI",,
1092,,,,NAVUKEBULI,VAKATURAGA I SAVU VUA NA KENA ITAUKEI,,
1093,,,,NASASA,VAKATURAGA I NALAGI VUA NA KENA ITAUKEI,,
1094,,,,VUNIVUTU,VAKATURAGA I SAWANA VUA NA TUI SAWANA,,
1095,,,,KAVEWA,VAKATURAGA I KAVEWA VUA NA KENA ITAUKEI,,
1096,,,,MOUTA,VAKATURAGA I MOUTA I VALELEVUVEINIUNIU VUA SAKA NA KENA ITAUKEI,,
1097,,,,NAQILI,VAKATURAGA I SAWAKA NA ITIKOTIKO SA TAWANI TIKO,,
1098,,,DREKETI,NABAVATU,"VAKATURAGA I ULUITOGA, UANISAU VUA NA VUNIVALU",,
1099,,,,NABITI,"VAKATURAGA I ULUITOGA, UANISAU VUA NA VUNIVALU",,
1100,,,,NAKANACAGI,YAVUSA NAUA ENA MATAQALI O NAKOROKALOU ENA TIKOTIKO VAKATURAGA I NASOGOMATE,,
1101,,,,VUNISEA,VAKATURAGA I LUTUKOBAU ENA YAVUSA NAVUTUREREGA,,
1102,,,,LUTUKINA,"VAKATURAGA I LUTUKINA, LUALUA VUA NA IMASINIBATI",,
1103,,,,NASIGASIGA,VAKATURAGA I NABUNA VUA NA TURAGA NA TUI NABUNA,,
1104,,,,VUINAQALUTU,"VAKATURAGA I BAVAKANAUA, NAKOROKALOU INA YAVUSA NAUA",,
1105,,,LABASA ,NASEAKULA,VAKATUAGA IVALELEVU I WASAVULU VUA NA TURAGA NA TUI LABASA,,
1106,,,,NAKOROWIRI,VAKATURAGA I WAISAVULU INA YAVUSA VAKATURAGA QOIBAU,,
1107,,,,BATINIKAMA,VAKATURAGA I WAILEA  INA LOMA NI YAVUSA MUANICULA,,
1108,,,,VUNIMOLI,ITIKOTIKO,,
1109,,,,NABUNIKAVULA,"VAKATURAGA I WASAVULU, KOIBAU TURAGA TUI LABASA",,
1110,,,,BULILEKA,VAKATURAGA I WAVOSAVOSA VUA NA MARAMA NA KENA ITAUKEI,,
1111,,,,LOVELOVE,VAKATURAGA I MATAKUTA LOVELOVE VUA NA KENA ITAUKEI,,
1112,,,,DREKETILAILAI,VAKATURAGA IVALELEVU I NAKUKA NA KENA ITAUKEI,,
1113,,,,QELEMUMU,"VAKATURAGA IMATAUTA, LOVELOVE VUA NA LIULIU NI YAVUSA, ENA VANUA VAKA QAWA",,
1114,,,,RARANIBULUBULU,VAKATURAGA I BUCAISAU NA TURAGA NA KENA ITAUKEI,,
1115,,,,VUIYAKANA,VAKATURAGA I BUCAISAU IYAKANA NA TURAGA NA KENA ITAULEI,,
1116,,,,MATANIWAI,VAKATURAGA I LOVONIVONU VUA NA GONRTURAGA NA KENA ITAUKEI,,
1117,,,,VUNIVAU,VAKATURAGA I VALELEVU I NAWAVOSAVOSA,,
1118,,,,VUO,VAKATURAGA I VALELEVU QAQARAVU NA KENA ITAUKEI,,
1119,,,,NAQAI,ITIKOTIKO,,
1120,,,SASA,SASA,VAKATURAGA I CAUMATALEVU VUA NA MARAMA ITAUKEI SASA,,
1121,,,,KOROTUBU,VAKATURAGA INA YAVUSA KOROTUBU VUA NA ITAUKEI KOROTUBU,,
1122,,,,YALAVA,DULUABETA VUA NA KOYAMAI YALAVA,,
1123,,,,TABIA,VAKATURAGA I NAVUSA ENAMATAQALI O NASOSOENA KORO TABIA,,
1124,,,,NAVAKASOBU,VAKATURAGA I BUCA NA TURAGA NA KENA ITAUKEI,,
1125,,,,KOROVULI,VAKATURAGA I BUCA NA TURAGA NA KENA ITAUKEI,,
1126,,,,NAKAVIKA,VAKATURAGA I QOQOBOU ENA MATAQALI TURIWAILEVU VUA NA KENA ITAUKEI,,
1127,,,,NAMAKOMAKO,VAKATURAGA IVUNIWESI VUA NA MARAMA ITAUKEI SASA,,
1128,,,,VUIRAQILAI,VAKATURAGA I NAMASI NA TURAGA NA KENA ITAUKEI,,
1129,,,,NASEALEVU,VAKATURAGA INA YAVUSA NASEALEVU NA TURAGA NA KENA ITAUKEI,,
1130,,,DOGOTUKI,NADURU,VAKATURAGA I ROGOROGONIDROMU VUA NA TURAGA NA TUI VUNA,,
1131,,,,NAMUKALAU,VAKATURAGA I VALELEVUNI ROVUOVUNIDROMUVUA NA TURAGA NA TUI VUNA,,
1132,,,,NABUNA,VAKATURAGA IVALELEVU VUA NA TURAGA NA TUI VUNA,,
1133,,,,VITINA,VAKATURAGA I VALELEVU VITINA VUA NA KENA ITAUKEI,,
1134,,,,KEDRA,VAKATURAGA I NAMAKO VUA NA KENA ITAUKEI,,
1135,,,,VUGALEI,VAKATURAGA I NAISOGOLACA VUA NA KENA ITAUKEI,,
1136,,,,RAURIKO,VAKATURAGA I VALELEVU NACURUMALUA ENA ITIKOTIKO VAKATURAGA E NAUSAUVOU,,
1137,,,,LAGI,VAKATURAGA I KOROIVOCO NODRA ITIKOTIKO NA TURAGA NA TUI LAGI,,
1138,,,,QARANIVAI,VAKATURAGA I NADURU VUA NA TURAGA NA TUI VUNA KENA ITIKOTIKO I NAUTUUTU,,
1139,,,,NABOUREWA,VAKATURAGA I TAGITUBA  I VALELEVU NADURU NA MARAMA NA TUI VUNA,,
1140,,,NAMUKA ,VISOQO,VAKATURAGA I TUVANA TALIAGA SILATOLU NA TURAGA NA TUI NAMUKA NA QAQA,,
1141,,,,NAUA,VAKATURAGA INA ITIKOTIKO I NAUA VUA NA TURAGA NA KENA ITAUKEI,,
1142,,,,QELEWARA,VAKATURAGA I SALEVU I NA TIKOTIKO TAWANI TIKO E QELEWARA,,
1143,,,,CAWADEVO,"VAKATURAGA I NAISAMUWAQA, VUA NA KENA ITAUKEI",,
1144,,,,RAVUKA,VAKATURAGA I SOLOWARO VA NA MATAQALI VEISERERUA NA KENA ITIKOTIIKO,,
1145,,,,MATAINADOI,VAKATURAGA SAKA I NAMUWANI VUA NA ITAUKEI BALEBALE,,
1146,,,,LAKEBA,VAKATURAGA I NAULAVOLI VUA NA KENA ITAUKEI,,
1147,,,,NABUBU,"VAKATURAGA I BURENIVAI, UTONA INA YAVUSA O NAMUKA",,
1148,,,,SALEVUKOSO,"VAKATURAGA INA VANUA, VALELEVU NASOVA ENA YAVUSA VUNIVUTU VUA NA KENA ITAUKEI",,
1149,,,,DELAIVADRA,VAKATURAGA I CEIMELOVUA NA KENA ITAUKEI,,
1150,,,,NASOVIVI,"VAKATURAGA I TIKOTIKO VAKATURAGA I SEVANICAGI, IVALELEVU NASOVIVI VUA NA KENA ITAUKEI",,
1151,,,,VUNIEVUEVU/GEVU,VAKATURAGA INA YAVUSA NAVUA VUA NA KENA TIKOTIKO VAKATURAGA,,
1152,,,WAILEVU ,WAILEVU,VAKATURAGA I WAILEVU VUA NA TURAGA NA TUI WAILEVU,,
1153,,,,NAKAMA,"VAKATURAGA I YAUDIGI, SAUNIDUNA VUA NA TURAGA NA KENA ITAUKEI",,
1154,,,,YAUDIGI,VAKATURAGA I SOVANIURA NA TURAGA NA KENA ITAUKEI,,
1155,,,,VATULOVONA,VAKATURAGA INABEREI - NAITOVO NA TURAGA NA KENA ITAUKEI,,
1156,,,,VUINAKAWAKAWA,VAKATURAGA I SAUNIDUNA VUA NA KENA ITAUKEI,,
1157,,,,NASAQA,VAKATURAGA I SAUNIDUNA VUA NA TUI SAUNADUNA,,
1158,,,,DOGORU,VAKATURAGA I SAUNIDUNA VUA NA TUI SAUNADUNA,,
1159,,,,SAVUSAVUTAQA,VAKATURAGA I SAUNIDUNA VUA NA TUI SAUNADUNA,,
1160,,,MALI,NAKAWAQA,VAKATURAGA I VOROVORO NA TURAGA TUI MALI,,
1161,,,,LIGAULEVU,VAKATURAGA I NAOCOVONU NA ITIKOTIKO ILAGAULEVUENA YAVUSA VUNIMASEI ENA VANUA VAKA MALI,,
1162,,,,VESI,VAKATURAGASAKA I VESI VALELEVU I VUNIIVA VUA NA KENA ITAUKEI,,
1163,,,,MATAILABASA,VOROVORO VUA NA TURAGA TUI MALI/  IYAUCA NA MARAMA ILIULIU NI YAVUSA YAVUSA O YAUCA ENA VANUA VAKAMALI,,
1164,,,UDU,VUNIKODI,VAKATURAGA I DOKANAISUVA  INA TIKOTIKO VAKATURAGA NA SAUVOU NA TUI UDU,,
1165,,,,NABOUONO,VAKATURAGA I DRANO NA KENA ITIKOTIKO VAKATURAGA,,
1166,,,,NUKUDAMU,VAKATURAGA I BELENI INA KENA ITIKOTIKO VAKATURAGA,,
1167,,,,NUKUSA,VAKATURAGA I RARAVU NA KENA ITIKOTIKO VAKATURAGA,,
1168,,,,CAWARO,VAKATURAGA SAKA I NAOCOVONU VUA NA TURAGA NA TUI CAWARO,,
1169,,,CIKOBIA ,VUNINUKU,VAKATURAGA  I  KOROIDRANO VUA NA TUI CIKOBIA,,
1170,,,,NAUTOVATU,VAKATURAGA IRARA INA KENA ITIKOTIKO VAKATURAGA,,
1171,,,,VATULELE,VAKATURAGA I LIGAU INA KENA ITIKOTIKO VAKATURAGA,,
1172,,,,NALELE,VAKATURAGA I NABUA INA LKENA ITIKOITKO VAKATURAGA,,
